{
    "name": "root",
    "metadata": {
        "timer_format_version": "0.1.0",
        "start_time_seconds": "1664476581",
        "python_version": "3.9.13 (main, Aug 25 2022, 23:51:50) [MSC v.1916 64 bit (AMD64)]",
        "command_line_arguments": "C:\\Users\\tobia\\miniconda3\\Scripts\\mlagents-learn moveToGoal.yaml --run-id=testconfig",
        "mlagents_version": "0.29.0",
        "mlagents_envs_version": "0.29.0",
        "communication_protocol_version": "1.5.0",
        "pytorch_version": "1.12.1+cu116",
        "numpy_version": "1.21.2",
        "end_time_seconds": "1664476666"
    },
    "total": 84.5228413,
    "count": 1,
    "self": 0.005781299999995326,
    "children": {
        "run_training.setup": {
            "total": 0.12401799999999996,
            "count": 1,
            "self": 0.12401799999999996
        },
        "TrainerController.start_learning": {
            "total": 84.393042,
            "count": 1,
            "self": 0.00843419999992534,
            "children": {
                "TrainerController._reset_env": {
                    "total": 14.183259799999998,
                    "count": 1,
                    "self": 14.183259799999998
                },
                "TrainerController.advance": {
                    "total": 70.06172960000005,
                    "count": 396,
                    "self": 0.007636100000070201,
                    "children": {
                        "env_step": {
                            "total": 55.7958772,
                            "count": 396,
                            "self": 54.328629800000016,
                            "children": {
                                "SubprocessEnvManager._take_step": {
                                    "total": 1.4624710000000398,
                                    "count": 396,
                                    "self": 0.02509610000004514,
                                    "children": {
                                        "TorchPolicy.evaluate": {
                                            "total": 1.4373748999999947,
                                            "count": 371,
                                            "self": 0.37140599999998614,
                                            "children": {
                                                "TorchPolicy.sample_actions": {
                                                    "total": 1.0659689000000085,
                                                    "count": 371,
                                                    "self": 1.0659689000000085
                                                }
                                            }
                                        }
                                    }
                                },
                                "workers": {
                                    "total": 0.004776399999940395,
                                    "count": 395,
                                    "self": 0.0,
                                    "children": {
                                        "worker_root": {
                                            "total": 22.403885099999997,
                                            "count": 395,
                                            "is_parallel": true,
                                            "self": 19.74404580000005,
                                            "children": {
                                                "steps_from_proto": {
                                                    "total": 0.00040560000000056107,
                                                    "count": 1,
                                                    "is_parallel": true,
                                                    "self": 0.00013390000000157443,
                                                    "children": {
                                                        "_process_rank_one_or_two_observation": {
                                                            "total": 0.00027169999999898664,
                                                            "count": 2,
                                                            "is_parallel": true,
                                                            "self": 0.00027169999999898664
                                                        }
                                                    }
                                                },
                                                "UnityEnvironment.step": {
                                                    "total": 2.6594336999999477,
                                                    "count": 395,
                                                    "is_parallel": true,
                                                    "self": 0.0467942000000221,
                                                    "children": {
                                                        "UnityEnvironment._generate_step_input": {
                                                            "total": 0.07919489999999563,
                                                            "count": 395,
                                                            "is_parallel": true,
                                                            "self": 0.07919489999999563
                                                        },
                                                        "communicator.exchange": {
                                                            "total": 2.424324199999985,
                                                            "count": 395,
                                                            "is_parallel": true,
                                                            "self": 2.424324199999985
                                                        },
                                                        "steps_from_proto": {
                                                            "total": 0.10912039999994505,
                                                            "count": 395,
                                                            "is_parallel": true,
                                                            "self": 0.0481198999999215,
                                                            "children": {
                                                                "_process_rank_one_or_two_observation": {
                                                                    "total": 0.06100050000002355,
                                                                    "count": 790,
                                                                    "is_parallel": true,
                                                                    "self": 0.06100050000002355
                                                                }
                                                            }
                                                        }
                                                    }
                                                }
                                            }
                                        }
                                    }
                                }
                            }
                        },
                        "trainer_advance": {
                            "total": 14.258216299999983,
                            "count": 395,
                            "self": 0.01125490000000795,
                            "children": {
                                "process_trajectory": {
                                    "total": 0.4320439999999799,
                                    "count": 395,
                                    "self": 0.4320439999999799
                                },
                                "_update_policy": {
                                    "total": 13.814917399999995,