{
    "name": "root",
    "gauges": {
        "MoveToTables.Policy.Entropy.mean": {
            "value": 0.7181515097618103,
            "min": 0.7181515097618103,
            "max": 1.5804353952407837,
            "count": 43
        },
        "MoveToTables.Policy.Entropy.sum": {
            "value": 43433.8046875,
            "min": 43433.8046875,
            "max": 95584.734375,
            "count": 43
        },
        "MoveToTables.Step.mean": {
            "value": 2579968.0,
            "min": 59968.0,
            "max": 2579968.0,
            "count": 43
        },
        "MoveToTables.Step.sum": {
            "value": 2579968.0,
            "min": 59968.0,
            "max": 2579968.0,
            "count": 43
        },
        "MoveToTables.Policy.ExtrinsicBaselineEstimate.mean": {
            "value": -0.013303730636835098,
            "min": -0.10156895220279694,
            "max": 0.0630701556801796,
            "count": 43
        },
        "MoveToTables.Policy.ExtrinsicBaselineEstimate.sum": {
            "value": -12.758277893066406,
            "min": -97.30305480957031,
            "max": 60.7365608215332,
            "count": 43
        },
        "MoveToTables.Policy.ExtrinsicValueEstimate.mean": {
            "value": -0.013815240003168583,
            "min": -0.10263198614120483,
            "max": 0.06548099964857101,
            "count": 43
        },
        "MoveToTables.Policy.ExtrinsicValueEstimate.sum": {
            "value": -13.248815536499023,
            "min": -98.32144165039062,
            "max": 63.05820083618164,
            "count": 43
        },
        "MoveToTables.Policy.CuriosityBaselineEstimate.mean": {
            "value": 0.13169264793395996,
            "min": 0.13169264793395996,
            "max": 0.341892272233963,
            "count": 43
        },
        "MoveToTables.Policy.CuriosityBaselineEstimate.sum": {
            "value": 126.29324340820312,
            "min": 126.29324340820312,
            "max": 327.87469482421875,
            "count": 43
        },
        "MoveToTables.Policy.CuriosityValueEstimate.mean": {
            "value": 0.13138006627559662,
            "min": 0.13138006627559662,
            "max": 0.3417699635028839,
            "count": 43
        },
        "MoveToTables.Policy.CuriosityValueEstimate.sum": {
            "value": 125.99347686767578,
            "min": 125.99347686767578,
            "max": 327.4156188964844,
            "count": 43
        },
        "MoveToTables.Losses.PolicyLoss.mean": {
            "value": 0.02216315978180824,
            "min": 0.021270945969606856,
            "max": 0.027142300671483908,
            "count": 43
        },
        "MoveToTables.Losses.PolicyLoss.sum": {
            "value": 0.13297895869084944,
            "min": 0.10848671117952714,
            "max": 0.16285380402890345,
            "count": 43
        },
        "MoveToTables.Losses.ValueLoss.mean": {
            "value": 0.003230776566003139,
            "min": 0.0009464237339610312,
            "max": 0.006678606822388246,
            "count": 43
        },
        "MoveToTables.Losses.ValueLoss.sum": {
            "value": 0.019384659396018834,
            "min": 0.004732118669805156,
            "max": 0.0383841757196933,
            "count": 43
        },
        "MoveToTables.Losses.BaselineLoss.mean": {
            "value": 0.0033712960435271573,
            "min": 0.000933644847755204,
            "max": 0.006837773735945423,
            "count": 43
        },
        "MoveToTables.Losses.BaselineLoss.sum": {
            "value": 0.020227776261162945,
            "min": 0.00466822423877602,
            "max": 0.0404787486884743,
            "count": 43
        },
        "MoveToTables.Policy.LearningRate.mean": {
            "value": 0.0003,
            "min": 0.0003,
            "max": 0.0003,
            "count": 43
        },
        "MoveToTables.Policy.LearningRate.sum": {
            "value": 0.0017999999999999997,
            "min": 0.0014999999999999998,
            "max": 0.0017999999999999997,
            "count": 43
        },
        "MoveToTables.Policy.Epsilon.mean": {
            "value": 0.2000000000000001,
            "min": 0.2000000000000001,
            "max": 0.2000000000000001,
            "count": 43
        },
        "MoveToTables.Policy.Epsilon.sum": {
            "value": 1.2000000000000006,
            "min": 1.0000000000000004,
            "max": 1.2000000000000006,
            "count": 43
        },
        "MoveToTables.Policy.Beta.mean": {
            "value": 0.010000000000000002,
            "min": 0.010000000000000002,
            "max": 0.010000000000000002,
            "count": 43
        },
        "MoveToTables.Policy.Beta.sum": {
            "value": 0.06000000000000001,
            "min": 0.05000000000000001,
            "max": 0.06000000000000001,
            "count": 43
        },
        "MoveToTables.Losses.CuriosityForwardLoss.mean": {
            "value": 0.05703111481335429,
            "min": 0.05597332383195559,
            "max": 0.3380875715613365,
            "count": 43
        },
        "MoveToTables.Losses.CuriosityForwardLoss.sum": {
            "value": 0.3421866888801257,
            "min": 0.27986661915977795,
            "max": 1.6904378578066825,
            "count": 43
        },
        "MoveToTables.Losses.CuriosityInverseLoss.mean": {
            "value": 0.03905292624193761,
            "min": 0.03634843455627561,
            "max": 1.0191570870081583,
            "count": 43
        },
        "MoveToTables.Losses.CuriosityInverseLoss.sum": {
            "value": 0.23431755745162566,
            "min": 0.18174217278137805,
            "max": 5.095785435040792,
            "count": 43
        },
        "MoveToTables.Environment.EpisodeLength.mean": {
            "value": 999.0,
            "min": 999.0,
            "max": 999.0,
            "count": 43
        },
        "MoveToTables.Environment.EpisodeLength.sum": {
            "value": 55944.0,
            "min": 55944.0,
            "max": 69930.0,
            "count": 43
        },
        "MoveToTables.Environment.CumulativeReward.mean": {
            "value": 0.0,
            "min": 0.0,
            "max": 0.0,
            "count": 43
        },
        "MoveToTables.Environment.CumulativeReward.sum": {
            "value": 0.0,
            "min": 0.0,
            "max": 0.0,
            "count": 43
        },
        "MoveToTables.Policy.ExtrinsicReward.mean": {
            "value": 0.23704215145686217,
            "min": -0.8997999077396733,
            "max": 0.5879193528048825,
            "count": 43
        },
        "MoveToTables.Policy.ExtrinsicReward.sum": {
            "value": 13.511402633041143,
            "min": -62.985993541777134,
            "max": 33.5114031098783,
            "count": 43
        },
        "MoveToTables.Policy.CuriosityReward.mean": {
            "value": 1.4202680433528465,
            "min": 1.2484258189631094,
            "max": 4.931985719661627,
            "count": 43
        },
        "MoveToTables.Policy.CuriosityReward.sum": {
            "value": 80.95527847111225,
            "min": 69.91184586193413,
            "max": 276.19120030105114,
            "count": 43
        },
        "MoveToTables.Environment.GroupCumulativeReward.mean": {
            "value": 0.23704215145686217,
            "min": -0.8997999077396733,
            "max": 0.5879193528048825,
            "count": 43
        },
        "MoveToTables.Environment.GroupCumulativeReward.sum": {
            "value": 13.511402633041143,
            "min": -62.985993541777134,
            "max": 33.5114031098783,
            "count": 43
        },
        "MoveToTables.IsTraining.mean": {
            "value": 1.0,
            "min": 1.0,
            "max": 1.0,
            "count": 43
        },
        "MoveToTables.IsTraining.sum": {
            "value": 1.0,
            "min": 1.0,
            "max": 1.0,