{
    "name": "root",
    "gauges": {
        "MoveToTables.Policy.Entropy.mean": {
            "value": 1.6242998838424683,
            "min": 1.6242998838424683,
            "max": 1.6242998838424683,
            "count": 1
        },
        "MoveToTables.Policy.Entropy.sum": {
            "value": 16303.09765625,
            "min": 16303.09765625,
            "max": 16303.09765625,
            "count": 1
        },
        "MoveToTables.Step.mean": {
            "value": 9973.0,
            "min": 9973.0,
            "max": 9973.0,
            "count": 1
        },
        "MoveToTables.Step.sum": {
            "value": 9973.0,
            "min": 9973.0,
            "max": 9973.0,
            "count": 1
        },
        "MoveToTables.Policy.ExtrinsicValueEstimate.mean": {
            "value": -0.24026043713092804,
            "min": -0.24026043713092804,
            "max": -0.24026043713092804,
            "count": 1
        },
        "MoveToTables.Policy.ExtrinsicValueEstimate.sum": {
            "value": -37.480628967285156,
            "min": -37.480628967285156,
            "max": -37.480628967285156,
            "count": 1
        },
        "MoveToTables.Losses.PolicyLoss.mean": {
            "value": 0.2524914158876603,
            "min": 0.2524914158876603,
            "max": 0.2524914158876603,
            "count": 1
        },
        "MoveToTables.Losses.PolicyLoss.sum": {
            "value": 19.6943304392375,
            "min": 19.6943304392375,
            "max": 19.6943304392375,
            "count": 1
        },
        "MoveToTables.Losses.ValueLoss.mean": {
            "value": 0.17876924255718404,
            "min": 0.17876924255718404,
            "max": 0.17876924255718404,
            "count": 1
        },
        "MoveToTables.Losses.ValueLoss.sum": {
            "value": 13.944000919460356,
            "min": 13.944000919460356,
            "max": 13.944000919460356,
            "count": 1
        },
        "MoveToTables.Policy.LearningRate.mean": {
            "value": 0.00029697053177905376,
            "min": 0.00029697053177905376,
            "max": 0.00029697053177905376,
            "count": 1
        },
        "MoveToTables.Policy.LearningRate.sum": {
            "value": 0.023163701478766195,
            "min": 0.023163701478766195,
            "max": 0.023163701478766195,
            "count": 1
        },
        "MoveToTables.Policy.Epsilon.mean": {
            "value": 0.1989901769230769,
            "min": 0.1989901769230769,
            "max": 0.1989901769230769,
            "count": 1
        },
        "MoveToTables.Policy.Epsilon.sum": {
            "value": 15.5212338,
            "min": 15.5212338,
            "max": 15.5212338,
            "count": 1
        },
        "MoveToTables.Policy.Beta.mean": {
            "value": 0.0005000000000000001,
            "min": 0.0005000000000000001,
            "max": 0.0005000000000000001,
            "count": 1
        },
        "MoveToTables.Policy.Beta.sum": {
            "value": 0.03900000000000001,
            "min": 0.03900000000000001,
            "max": 0.03900000000000001,
            "count": 1
        },
        "MoveToTables.Environment.EpisodeLength.mean": {
            "value": 1378.0,
            "min": 1378.0,
            "max": 1378.0,
            "count": 1
        },
        "MoveToTables.Environment.EpisodeLength.sum": {
            "value": 9646.0,
            "min": 9646.0,
            "max": 9646.0,
            "count": 1
        },
        "MoveToTables.Environment.CumulativeReward.mean": {
            "value": -0.14285714285714285,
            "min": -0.14285714285714285,
            "max": -0.14285714285714285,
            "count": 1
        },
        "MoveToTables.Environment.CumulativeReward.sum": {
            "value": -1.0,
            "min": -1.0,
            "max": -1.0,
            "count": 1
        },
        "MoveToTables.Policy.ExtrinsicReward.mean": {
            "value": -0.14285714285714285,
            "min": -0.14285714285714285,
            "max": -0.14285714285714285,
            "count": 1
        },
        "MoveToTables.Policy.ExtrinsicReward.sum": {
            "value": -1.0,
            "min": -1.0,
            "max": -1.0,
            "count": 1
        },
        "MoveToTables.IsTraining.mean": {
            "value": 1.0,
            "min": 1.0,
            "max": 1.0,
            "count": 1
        },
        "MoveToTables.IsTraining.sum": {
            "value": 1.0,
            "min": 1.0,
            "max": 1.0,
            "count": 1
        }
    },
    "metadata": {
        "timer_format_version": "0.1.0",
        "start_time_seconds": "1666424996",
        "python_version": "3.9.13 (main, Aug 25 2022, 23:51:50) [MSC v.1916 64 bit (AMD64)]",
        "command_line_arguments": "C:\\Users\\tobia\\miniconda3\\Scripts\\mlagents-learn --force moveToGoal.yaml",
        "mlagents_version": "0.29.0",
        "mlagents_envs_version": "0.29.0",
        "communication_protocol_version": "1.5.0",
        "pytorch_version": "1.12.1+cu116",
        "numpy_version": "1.21.2",
        "end_time_seconds": "1666425269"
    },
    "total": 272.7935556,
    "count": 1,
    "self": 0.006425799999988158,
    "children": {
        "run_training.setup": {
            "total": 0.1358953999999999,
            "count": 1,
            "self": 0.1358953999999999
        },
        "TrainerController.start_learning": {
            "total": 272.6512344,
            "count": 1,
            "self": 0.26880839999915906,
            "children": {
                "TrainerController._reset_env": {
                    "total": 9.1270536,
                    "count": 1,
                    "self": 9.1270536
                },
                "TrainerController.advance": {
                    "total": 263.05049620000085,
                    "count": 13437,
                    "self": 0.2522969000022499,
                    "children": {
                        "env_step": {
                            "total": 205.82340909999914,
                            "count": 13437,
                            "self": 142.61720489999942,
                            "children": {
                                "SubprocessEnvManager._take_step": {
                                    "total": 63.03439839999977,
                                    "count": 13437,
                                    "self": 0.8379462000004168,
                                    "children": {
                                        "TorchPolicy.evaluate": {
                                            "total": 62.19645219999936,
                                            "count": 13429,
                                            "self": 22.736222599998783,
                                            "children": {
                                                "TorchPolicy.sample_actions": {
                                                    "total": 39.460229600000574,
                                                    "count": 13429,
                                                    "self": 39.460229600000574
                                                }
                                            }
                                        }
                                    }
                                },
                                "workers": {
                                    "total": 0.17180579999993917,
                                    "count": 13436,
                                    "self": 0.0,
                                    "children": {
                                        "worker_root": {
                                            "total": 204.01507140000052,
                                            "count": 13436,
                                            "is_parallel": true,
                                            "self": 136.8867209999999,