{
    "name": "root",
    "gauges": {
        "MoveToGoal.Policy.Entropy.mean": {
            "value": 1.4140352010726929,
            "min": 1.4140352010726929,
            "max": 1.4140352010726929,
            "count": 1
        },
        "MoveToGoal.Policy.Entropy.sum": {
            "value": 14468.408203125,
            "min": 14468.408203125,
            "max": 14468.408203125,
            "count": 1
        },
        "MoveToGoal.Environment.EpisodeLength.mean": {
            "value": 184.39622641509433,
            "min": 184.39622641509433,
            "max": 184.39622641509433,
            "count": 1
        },
        "MoveToGoal.Environment.EpisodeLength.sum": {
            "value": 9773.0,
            "min": 9773.0,
            "max": 9773.0,
            "count": 1
        },
        "MoveToGoal.Step.mean": {
            "value": 9954.0,
            "min": 9954.0,
            "max": 9954.0,
            "count": 1
        },
        "MoveToGoal.Step.sum": {
            "value": 9954.0,
            "min": 9954.0,
            "max": 9954.0,
            "count": 1
        },
        "MoveToGoal.Policy.ExtrinsicValueEstimate.mean": {
            "value": 0.10024001449346542,
            "min": 0.10024001449346542,
            "max": 0.10024001449346542,
            "count": 1
        },
        "MoveToGoal.Policy.ExtrinsicValueEstimate.sum": {
            "value": 17.942962646484375,
            "min": 17.942962646484375,
            "max": 17.942962646484375,
            "count": 1
        },
        "MoveToGoal.Environment.CumulativeReward.mean": {
            "value": 0.03773584905660377,
            "min": 0.03773584905660377,
            "max": 0.03773584905660377,
            "count": 1
        },
        "MoveToGoal.Environment.CumulativeReward.sum": {
            "value": 2.0,
            "min": 2.0,
            "max": 2.0,
            "count": 1
        },
        "MoveToGoal.Policy.ExtrinsicReward.mean": {
            "value": 0.03773584905660377,
            "min": 0.03773584905660377,
            "max": 0.03773584905660377,
            "count": 1
        },
        "MoveToGoal.Policy.ExtrinsicReward.sum": {
            "value": 2.0,
            "min": 2.0,
            "max": 2.0,
            "count": 1
        },
        "MoveToGoal.Losses.PolicyLoss.mean": {
            "value": 0.24206472245639035,
            "min": 0.24206472245639035,
            "max": 0.24206472245639035,
            "count": 1
        },
        "MoveToGoal.Losses.PolicyLoss.sum": {
            "value": 16.218336404578153,
            "min": 16.218336404578153,
            "max": 16.218336404578153,
            "count": 1
        },
        "MoveToGoal.Losses.ValueLoss.mean": {
            "value": 0.029597627875197825,
            "min": 0.029597627875197825,
            "max": 0.029597627875197825,
            "count": 1
        },
        "MoveToGoal.Losses.ValueLoss.sum": {
            "value": 1.9830410676382544,
            "min": 1.9830410676382544,
            "max": 1.9830410676382544,
            "count": 1
        },
        "MoveToGoal.Policy.LearningRate.mean": {
            "value": 0.0002966686309612029,
            "min": 0.0002966686309612029,
            "max": 0.0002966686309612029,
            "count": 1
        },
        "MoveToGoal.Policy.LearningRate.sum": {
            "value": 0.019876798274400597,
            "min": 0.019876798274400597,
            "max": 0.019876798274400597,
            "count": 1
        },
        "MoveToGoal.Policy.Epsilon.mean": {
            "value": 0.19888954328358208,
            "min": 0.19888954328358208,
            "max": 0.19888954328358208,
            "count": 1
        },
        "MoveToGoal.Policy.Epsilon.sum": {
            "value": 13.3255994,
            "min": 13.3255994,
            "max": 13.3255994,
            "count": 1
        },
        "MoveToGoal.Policy.Beta.mean": {
            "value": 0.0005,
            "min": 0.0005,
            "max": 0.0005,
            "count": 1
        },
        "MoveToGoal.Policy.Beta.sum": {
            "value": 0.0335,
            "min": 0.0335,
            "max": 0.0335,
            "count": 1
        },
        "MoveToGoal.IsTraining.mean": {
            "value": 1.0,
            "min": 1.0,
            "max": 1.0,
            "count": 1
        },
        "MoveToGoal.IsTraining.sum": {
            "value": 1.0,
            "min": 1.0,
            "max": 1.0,
            "count": 1
        }
    },
    "metadata": {
        "timer_format_version": "0.1.0",
        "start_time_seconds": "1669993579",
        "python_version": "3.9.13 (main, Aug 25 2022, 23:51:50) [MSC v.1916 64 bit (AMD64)]",
        "command_line_arguments": "C:\\Users\\tobia\\miniconda3\\Scripts\\mlagents-learn --force moveToGoal.yaml",
        "mlagents_version": "0.30.0",
        "mlagents_envs_version": "0.30.0",
        "communication_protocol_version": "1.5.0",
        "pytorch_version": "1.12.1+cu116",
        "numpy_version": "1.21.2",
        "end_time_seconds": "1669993712"
    },
    "total": 132.35843020000002,
    "count": 1,
    "self": 0.005242900000013151,
    "children": {
        "run_training.setup": {
            "total": 0.12305010000000016,
            "count": 1,
            "self": 0.12305010000000016
        },
        "TrainerController.start_learning": {
            "total": 132.2301372,
            "count": 1,
            "self": 0.03380969999983563,
            "children": {
                "TrainerController._reset_env": {
                    "total": 10.712346,
                    "count": 1,
                    "self": 10.712346
                },
                "TrainerController.advance": {
                    "total": 121.26998180000015,
                    "count": 1707,
                    "self": 0.03036989999986872,
                    "children": {
                        "env_step": {
                            "total": 77.81749720000009,
                            "count": 1707,
                            "self": 71.80149679999998,
                            "children": {
                                "SubprocessEnvManager._take_step": {
                                    "total": 5.995416500000054,
                                    "count": 1707,
                                    "self": 0.10586800000026209,
                                    "children": {
                                        "TorchPolicy.evaluate": {
                                            "total": 5.889548499999792,
                                            "count": 1637,
                                            "self": 5.889548499999792
                                        }
                                    }
                                },
                                "workers": {
                                    "total": 0.020583900000049837,
                                    "count": 1706,
                                    "self": 0.0,
                                    "children": {
                                        "worker_root": {
                                            "total": 63.9457319000001,
                                            "count": 1706,
                                            "is_parallel": true,
                                            "self": 57.03501900000012,
                                            "children": {
                                                "steps_from_proto": {
                                                    "total": 0.0003023000000004217,
                                                    "count": 1,
                                                    "is_parallel": true,
                                                    "self": 0.0001120000000005561,