{
    "name": "root",
    "metadata": {
        "timer_format_version": "0.1.0",
        "start_time_seconds": "1670676375",
        "python_version": "3.9.13 (main, Aug 25 2022, 23:51:50) [MSC v.1916 64 bit (AMD64)]",
        "command_line_arguments": "C:\\Users\\tobia\\miniconda3\\Scripts\\mlagents-learn --run-id=multirnd configMultiRnd.yaml",
        "mlagents_version": "0.30.0",
        "mlagents_envs_version": "0.30.0",
        "communication_protocol_version": "1.5.0",
        "pytorch_version": "1.12.1+cu116",
        "numpy_version": "1.21.2",
        "end_time_seconds": "1670676436"
    },
    "total": 60.2027237,
    "count": 1,
    "self": 10.0079925,
    "children": {
        "run_training.setup": {
            "total": 0.1651286999999999,
            "count": 1,
            "self": 0.1651286999999999
        },
        "TrainerController.start_learning": {
            "total": 50.0296025,
            "count": 1,
            "self": 0.017779899999929683,
            "children": {
                "TrainerController._reset_env": {
                    "total": 13.592575300000002,
                    "count": 1,
                    "self": 13.592575300000002
                },
                "TrainerController.advance": {
                    "total": 35.94856940000007,
                    "count": 661,
                    "self": 0.018803500000032614,
                    "children": {
                        "env_step": {
                            "total": 20.305535199999994,
                            "count": 661,
                            "self": 14.601840100000029,
                            "children": {
                                "SubprocessEnvManager._take_step": {
                                    "total": 5.691507400000017,
                                    "count": 661,
                                    "self": 0.07023099999994287,
                                    "children": {
                                        "TorchPolicy.evaluate": {
                                            "total": 5.621276400000074,
                                            "count": 661,
                                            "self": 5.621276400000074
                                        }
                                    }
                                },
                                "workers": {
                                    "total": 0.01218769999994862,
                                    "count": 660,
                                    "self": 0.0,
                                    "children": {
                                        "worker_root": {
                                            "total": 40.049076799999945,
                                            "count": 660,
                                            "is_parallel": true,
                                            "self": 28.637027999999844,
                                            "children": {
                                                "steps_from_proto": {
                                                    "total": 0.0011204000000004655,
                                                    "count": 1,
                                                    "is_parallel": true,
                                                    "self": 0.00023929999999960927,
                                                    "children": {
                                                        "_process_rank_one_or_two_observation": {
                                                            "total": 0.0008811000000008562,
                                                            "count": 6,
                                                            "is_parallel": true,
                                                            "self": 0.0008811000000008562
                                                        }
                                                    }
                                                },
                                                "UnityEnvironment.step": {
                                                    "total": 11.4109284000001,
                                                    "count": 660,
                                                    "is_parallel": true,
                                                    "self": 0.23676480000009903,
                                                    "children": {
                                                        "UnityEnvironment._generate_step_input": {
                                                            "total": 0.16095489999995927,
                                                            "count": 660,
                                                            "is_parallel": true,
                                                            "self": 0.16095489999995927
                                                        },
                                                        "communicator.exchange": {
                                                            "total": 10.296841800000067,
                                                            "count": 660,
                                                            "is_parallel": true,
                                                            "self": 10.296841800000067
                                                        },
                                                        "steps_from_proto": {
                                                            "total": 0.7163668999999757,
                                                            "count": 660,
                                                            "is_parallel": true,
                                                            "self": 0.15459239999995944,
                                                            "children": {
                                                                "_process_rank_one_or_two_observation": {
                                                                    "total": 0.5617745000000163,
                                                                    "count": 3960,
                                                                    "is_parallel": true,
                                                                    "self": 0.5617745000000163
                                                                }
                                                            }
                                                        }
                                                    }
                                                }
                                            }
                                        }
                                    }
                                }
                            }
                        },
                        "trainer_advance": {
                            "total": 15.624230700000044,
                            "count": 660,
                            "self": 0.02105000000014101,
                            "children": {
                                "process_trajectory": {
                                    "total": 2.9002267999999063,
                                    "count": 660,
                                    "self": 2.9002267999999063
                                },
                                "_update_policy": {
                                    "total": 12.702953899999997,
                                    "count": 2,
                                    "self": 3.35118829999999,
                                    "children": {
                                        "TorchPOCAOptimizer.update": {
                                            "total": 9.351765600000007,
                                            "count": 180,