{
    "name": "root",
    "gauges": {
        "MoveToGoal.Policy.Entropy.mean": {
            "value": 1.3725998401641846,
            "min": 1.3725998401641846,
            "max": 1.4042510986328125,
            "count": 2
        },
        "MoveToGoal.Policy.Entropy.sum": {
            "value": 13462.458984375,
            "min": 13462.458984375,
            "max": 14424.466796875,
            "count": 2
        },
        "MoveToGoal.Environment.EpisodeLength.mean": {
            "value": 18.499029126213593,
            "min": 18.499029126213593,
            "max": 42.70614035087719,
            "count": 2
        },
        "MoveToGoal.Environment.EpisodeLength.sum": {
            "value": 9527.0,
            "min": 9527.0,
            "max": 9737.0,
            "count": 2
        },
        "MoveToGoal.Step.mean": {
            "value": 19992.0,
            "min": 9965.0,
            "max": 19992.0,
            "count": 2
        },
        "MoveToGoal.Step.sum": {
            "value": 19992.0,
            "min": 9965.0,
            "max": 19992.0,
            "count": 2
        },
        "MoveToGoal.Policy.ExtrinsicValueEstimate.mean": {
            "value": 0.8844931721687317,
            "min": 0.28198733925819397,
            "max": 0.8844931721687317,
            "count": 2
        },
        "MoveToGoal.Policy.ExtrinsicValueEstimate.sum": {
            "value": 459.05194091796875,
            "min": 74.72664642333984,
            "max": 459.05194091796875,
            "count": 2
        },
        "MoveToGoal.Environment.CumulativeReward.mean": {
            "value": 0.9688715953307393,
            "min": 0.42105263157894735,
            "max": 0.9688715953307393,
            "count": 2
        },
        "MoveToGoal.Environment.CumulativeReward.sum": {
            "value": 498.0,
            "min": 96.0,
            "max": 498.0,
            "count": 2
        },
        "MoveToGoal.Policy.ExtrinsicReward.mean": {
            "value": 0.9688715953307393,
            "min": 0.42105263157894735,
            "max": 0.9688715953307393,
            "count": 2
        },
        "MoveToGoal.Policy.ExtrinsicReward.sum": {
            "value": 498.0,
            "min": 96.0,
            "max": 498.0,
            "count": 2
        },
        "MoveToGoal.Losses.PolicyLoss.mean": {
            "value": 0.242149081917639,
            "min": 0.24164775163594593,
            "max": 0.242149081917639,
            "count": 2
        },
        "MoveToGoal.Losses.PolicyLoss.sum": {
            "value": 21.066970126834594,
            "min": 18.848524627603783,
            "max": 21.066970126834594,
            "count": 2
        },
        "MoveToGoal.Losses.ValueLoss.mean": {
            "value": 0.02249583080328932,
            "min": 0.02249583080328932,
            "max": 0.10588949068975555,
            "count": 2
        },
        "MoveToGoal.Losses.ValueLoss.sum": {
            "value": 1.9571372798861706,
            "min": 1.9571372798861706,
            "max": 8.259380273800932,
            "count": 2
        },
        "MoveToGoal.Policy.LearningRate.mean": {
            "value": 0.0002909370444002966,
            "min": 0.0002909370444002966,
            "max": 0.000296993647155964,
            "count": 2
        },
        "MoveToGoal.Policy.LearningRate.sum": {
            "value": 0.025311522862825803,
            "min": 0.023165504478165195,
            "max": 0.025311522862825803,
            "count": 2
        },
        "MoveToGoal.Policy.Epsilon.mean": {
            "value": 0.19697901379310342,
            "min": 0.19697901379310342,
            "max": 0.19899788205128205,
            "count": 2
        },
        "MoveToGoal.Policy.Epsilon.sum": {
            "value": 17.137174199999997,
            "min": 15.5218348,
            "max": 17.137174199999997,
            "count": 2
        },
        "MoveToGoal.Policy.Beta.mean": {
            "value": 0.0005000000000000001,
            "min": 0.0005000000000000001,
            "max": 0.0005000000000000001,
            "count": 2
        },
        "MoveToGoal.Policy.Beta.sum": {
            "value": 0.04350000000000001,
            "min": 0.03900000000000001,
            "max": 0.04350000000000001,
            "count": 2
        },
        "MoveToGoal.IsTraining.mean": {
            "value": 1.0,
            "min": 1.0,
            "max": 1.0,
            "count": 2
        },
        "MoveToGoal.IsTraining.sum": {
            "value": 1.0,
            "min": 1.0,
            "max": 1.0,
            "count": 2
        }
    },
    "metadata": {
        "timer_format_version": "0.1.0",
        "start_time_seconds": "1664476714",
        "python_version": "3.9.13 (main, Aug 25 2022, 23:51:50) [MSC v.1916 64 bit (AMD64)]",
        "command_line_arguments": "C:\\Users\\tobia\\miniconda3\\Scripts\\mlagents-learn moveToGoal.yaml --run-id=verySlow",
        "mlagents_version": "0.29.0",
        "mlagents_envs_version": "0.29.0",
        "communication_protocol_version": "1.5.0",
        "pytorch_version": "1.12.1+cu116",
        "numpy_version": "1.21.2",
        "end_time_seconds": "1664476894"
    },
    "total": 180.0044335,
    "count": 1,
    "self": 0.006020299999988765,
    "children": {
        "run_training.setup": {
            "total": 0.1225267000000001,
            "count": 1,
            "self": 0.1225267000000001
        },
        "TrainerController.start_learning": {
            "total": 179.8758865,
            "count": 1,
            "self": 0.06592309999965096,
            "children": {
                "TrainerController._reset_env": {
                    "total": 21.0363274,
                    "count": 1,
                    "self": 21.0363274
                },
                "TrainerController.advance": {
                    "total": 158.62261650000033,
                    "count": 2560,
                    "self": 0.06559340000029579,
                    "children": {
                        "env_step": {
                            "total": 81.62890020000015,
                            "count": 2560,
                            "self": 77.08387799999986,
                            "children": {
                                "SubprocessEnvManager._take_step": {
                                    "total": 4.512898200000212,
                                    "count": 2560,
                                    "self": 0.12738050000021417,
                                    "children": {
                                        "TorchPolicy.evaluate": {
                                            "total": 4.385517699999998,
                                            "count": 1631,
                                            "self": 1.999478400000001,
                                            "children": {
                                                "TorchPolicy.sample_actions": {
                                                    "total": 2.3860392999999966,
                                                    "count": 1631,
                                                    "self": 2.3860392999999966
                                                }
                                            }
                                        }
                                    }
                                },
                                "workers": {
                                    "total": 0.032124000000074204,
                                    "count": 2559,
                                    "self": 0.0,
                                    "children": {
                                        "worker_root": {
                                            "total": 99.3100226000001,
                                            "count": 2559,
                                            "is_parallel": true,
                                            "self": 88.34192610000026,