{"count":1,"self":226.4765184,"total":1251.4879572,"children":{"InitializeActuators":{"count":16,"self":0.0019971999999999998,"total":0.0019971999999999998,"children":null},"InitializeSensors":{"count":16,"self":0.0015061999999999999,"total":0.0015061999999999999,"children":null},"AgentSendState":{"count":274651,"self":3.3751376,"total":14.190776699999999,"children":{"CollectObservations":{"count":878896,"self":2.2685776,"total":2.2685774999999997,"children":null},"WriteActionMask":{"count":878896,"self":0.6382664,"total":0.6382664,"children":null},"RequestDecision":{"count":878896,"self":2.0449623999999997,"total":7.9087954,"children":{"AgentInfo.ToProto":{"count":878896,"self":2.2337104,"total":5.863833,"children":{"GenerateSensorData":{"count":878896,"self":3.6301224,"total":3.6301226,"children":null}}}}}}},"DecideAction":{"count":274651,"self":1004.1984,"total":1004.1983581999999,"children":null},"AgentAct":{"count":274651,"self":6.5129176,"total":6.5556771,"children":{"AgentInfo.ToProto":{"count":2373,"self":0.011748999999999999,"total":0.042759399999999996,"children":{"GenerateSensorData":{"count":2373,"self":0.031010399999999997,"total":0.031010399999999997,"children":null}}}}},"AgentInfo.ToProto":{"count":2746,"self":0.026268999999999997,"total":0.0611332,"children":{"GenerateSensorData":{"count":2746,"self":0.0348642,"total":0.0348642,"children":null}}}},"gauges":{"MTG.CumulativeReward":{"count":5119,"max":1,"min":-2,"runningAverage":0.352607578,"value":1,"weightedAverage":0.402579248}},"metadata":{"timer_format_version":"0.1.0","start_time_seconds":"1670060678","unity_version":"2021.3.11f1","command_line_arguments":"B:\\2021.3.11f1\\Editor\\Unity.exe -projectpath C:\\Users\\tobia\\Documents\\GitHub\\UnityRL -useHub -hubIPC -cloudEnvironment production -licensingIpc LicenseClient-tobia -hubSessionId 4b6db940-72e6-11ed-b1ba-cd7983b8878b -accessToken 7PIXO8RG2OcXhrH823soxtpnL1bGoNK_gVzrx1vy0P8005f","communication_protocol_version":"1.5.0","com.unity.ml-agents_version":"2.0.1","scene_name":"CMImitation","end_time_seconds":"1670061929"}}