{"count":1,"self":27.579379199999998,"total":218.5011558,"children":{"InitializeActuators":{"count":36,"self":0.0020017999999999998,"total":0.0020017999999999998,"children":null},"InitializeSensors":{"count":36,"self":0.0010011,"total":0.0010011,"children":null},"AgentSendState":{"count":26634,"self":0.6140239,"total":2.7213211,"children":{"CollectObservations":{"count":191772,"self":0.54295169999999993,"total":0.54295169999999993,"children":null},"WriteActionMask":{"count":191772,"self":0.12395859999999999,"total":0.12395859999999999,"children":null},"RequestDecision":{"count":191772,"self":0.3887602,"total":1.4403869,"children":{"AgentInfo.ToProto":{"count":191772,"self":0.4145813,"total":1.0516267,"children":{"GenerateSensorData":{"count":191772,"self":0.6370454,"total":0.6370454,"children":null}}}}}}},"DecideAction":{"count":26634,"self":187.02688,"total":187.0268829,"children":null},"AgentAct":{"count":26634,"self":1.1438454999999998,"total":1.1540249,"children":{"AgentInfo.ToProto":{"count":497,"self":0.0036638,"total":0.0101794,"children":{"GenerateSensorData":{"count":497,"self":0.0065156,"total":0.0065156,"children":null}}}}},"AgentInfo.ToProto":{"count":884,"self":0.0095357999999999988,"total":0.0155453,"children":{"GenerateSensorData":{"count":884,"self":0.0060095,"total":0.0060095,"children":null}}}},"gauges":{"MTG.CumulativeReward":{"count":1381,"max":1.85800123,"min":-1.49499083,"runningAverage":-0.187955767,"value":0.07300198,"weightedAverage":-0.3577869}},"metadata":{"timer_format_version":"0.1.0","start_time_seconds":"1670163426","unity_version":"2021.3.11f1","command_line_arguments":"B:\\2021.3.11f1\\Editor\\Unity.exe -projectpath C:\\Users\\tobia\\Documents\\GitHub\\UnityRL -useHub -hubIPC -cloudEnvironment production -licensingIpc LicenseClient-tobia -hubSessionId b95c0d90-73c6-11ed-8ea5-0301c96032f0 -accessToken 8oMUOdztfqt0m1r_oU1ryDd68P48OgX3_2-K8BFSFE8005f","communication_protocol_version":"1.5.0","com.unity.ml-agents_version":"2.0.1","scene_name":"CMImitation","end_time_seconds":"1670163645"}}