{"count":1,"self":98.7375424,"total":179.97596009999998,"children":{"InitializeActuators":{"count":1,"self":0.0019725999999999997,"total":0.0019725999999999997,"children":null},"InitializeSensors":{"count":1,"self":0.0020001999999999997,"total":0.0020001999999999997,"children":null},"AgentSendState":{"count":179324,"self":7.86328,"total":8.124676599999999,"children":{"CollectObservations":{"count":35865,"self":0.1048725,"total":0.1048725,"children":null},"WriteActionMask":{"count":35865,"self":0.0479335,"total":0.0479335,"children":null},"RequestDecision":{"count":35865,"self":0.10859049999999999,"total":0.10859049999999999,"children":null}}},"DecideAction":{"count":179324,"self":62.5360832,"total":72.0751178,"children":{"RayPerceptionSensor.Perceive":{"count":71730,"self":9.5390344,"total":9.5390347,"children":null}}},"AgentAct":{"count":179324,"self":1.0330797,"total":1.0330797,"children":null}},"gauges":{"MoveToTables.CumulativeReward":{"count":63,"max":2.770391,"min":-0.500014365,"runningAverage":2.19413066,"value":2.38954067,"weightedAverage":1.98627687}},"metadata":{"timer_format_version":"0.1.0","start_time_seconds":"1671393884","unity_version":"2021.3.11f1","command_line_arguments":"B:\\2021.3.11f1\\Editor\\Unity.exe -projectpath C:\\Users\\tobia\\Documents\\GitHub\\UnityRL -useHub -hubIPC -cloudEnvironment production -licensingIpc LicenseClient-tobia -hubSessionId c9205d70-7f0c-11ed-9a54-7f8f83fa403a -accessToken loFr4RxzG2N36LcgKP3fICRcpHk18k5vaKTbfHPDWNA005f","communication_protocol_version":"1.5.0","com.unity.ml-agents_version":"2.0.1","scene_name":"WarehouseTest","end_time_seconds":"1671394064"}}