{"count":1,"self":124.185216,"total":648.8458389,"children":{"InitializeActuators":{"count":8,"self":0.0027002999999999997,"total":0.0027002999999999997,"children":null},"InitializeSensors":{"count":8,"self":0.0019961,"total":0.0019961,"children":null},"AgentSendState":{"count":183267,"self":1.5414279,"total":6.2907426,"children":{"CollectObservations":{"count":293232,"self":1.5332221,"total":1.5332221,"children":null},"WriteActionMask":{"count":293232,"self":0.2338418,"total":0.2338418,"children":null},"RequestDecision":{"count":293232,"self":0.85154789999999991,"total":2.9822507999999996,"children":{"AgentInfo.ToProto":{"count":293232,"self":0.8301915,"total":2.1307028999999997,"children":{"GenerateSensorData":{"count":293232,"self":1.3005114,"total":1.3005114,"children":null}}}}}}},"DecideAction":{"count":183267,"self":512.8958976,"total":512.8958901,"children":null},"AgentAct":{"count":183267,"self":5.4200528,"total":5.4290378,"children":{"AgentInfo.ToProto":{"count":472,"self":0.0049945,"total":0.0089851999999999987,"children":{"GenerateSensorData":{"count":472,"self":0.0039907,"total":0.0039907,"children":null}}}}},"AgentInfo.ToProto":{"count":95,"self":0,"total":0.039259499999999996,"children":{"GenerateSensorData":{"count":95,"self":0.039259499999999996,"total":0.039259499999999996,"children":null}}}},"gauges":{"MoveToTables.CumulativeReward":{"count":567,"max":0.9553334,"min":-0.9999696,"runningAverage":-0.6909004,"value":-0.9999696,"weightedAverage":-0.807366848}},"metadata":{"timer_format_version":"0.1.0","start_time_seconds":"1670063154","unity_version":"2021.3.11f1","command_line_arguments":"B:\\2021.3.11f1\\Editor\\Unity.exe -projectpath C:\\Users\\tobia\\Documents\\GitHub\\UnityRL -useHub -hubIPC -cloudEnvironment production -licensingIpc LicenseClient-tobia -hubSessionId 4b6db940-72e6-11ed-b1ba-cd7983b8878b -accessToken 7PIXO8RG2OcXhrH823soxtpnL1bGoNK_gVzrx1vy0P8005f","communication_protocol_version":"1.5.0","com.unity.ml-agents_version":"2.0.1","scene_name":"WarehouseTest","end_time_seconds":"1670063803"}}