{"count":1,"self":6.1983799999999993,"total":40.5443916,"children":{"InitializeActuators":{"count":15,"self":0.001506,"total":0.001506,"children":null},"InitializeSensors":{"count":15,"self":0.0040165999999999995,"total":0.0040165999999999995,"children":null},"AgentSendState":{"count":3317,"self":2.1239852,"total":2.6136695999999997,"children":{"CollectObservations":{"count":9960,"self":0.025052599999999998,"total":0.025052599999999998,"children":null},"WriteActionMask":{"count":9960,"self":0.0088824,"total":0.0088824,"children":null},"RequestDecision":{"count":9960,"self":0.0544739,"total":0.45574939999999997,"children":{"AgentInfo.ToProto":{"count":9960,"self":0.0360607,"total":0.4012755,"children":{"GenerateSensorData":{"count":9960,"self":0.2535043,"total":0.3652148,"children":{"RayPerceptionSensor.Perceive":{"count":19920,"self":0.11171049999999999,"total":0.11171049999999999,"children":null}}}}}}}}},"DecideAction":{"count":3317,"self":31.5544384,"total":31.554438899999997,"children":null},"AgentAct":{"count":3317,"self":0.17138199999999998,"total":0.17138199999999998,"children":null}},"gauges":{},"metadata":{"timer_format_version":"0.1.0","start_time_seconds":"1670676383","unity_version":"2021.3.11f1","command_line_arguments":"B:\\2021.3.11f1\\Editor\\Unity.exe -projectpath C:\\Users\\tobia\\Documents\\GitHub\\UnityRL -useHub -hubIPC -cloudEnvironment production -licensingIpc LicenseClient-tobia -hubSessionId 34b902c0-786a-11ed-810f-377b7553bf85 -accessToken TDYkSmazeEnp0i-DUwiBVyd9a5nzpkZ6d820xxOvLWo005f","communication_protocol_version":"1.5.0","com.unity.ml-agents_version":"2.0.1","scene_name":"WarehouseTest","end_time_seconds":"1670676423"}}