{"count":1,"self":1212.2131456,"total":6549.9191684,"children":{"InitializeActuators":{"count":15,"self":0.0019985,"total":0.0019985,"children":null},"InitializeSensors":{"count":15,"self":0.0035131999999999997,"total":0.0035131999999999997,"children":null},"AgentSendState":{"count":925001,"self":454.48437759999996,"total":556.3034461,"children":{"CollectObservations":{"count":2775015,"self":7.1623592,"total":7.1623595,"children":null},"WriteActionMask":{"count":2775015,"self":2.1138726,"total":2.1138726,"children":null},"RequestDecision":{"count":2775015,"self":8.4231927999999989,"total":92.5428238,"children":{"AgentInfo.ToProto":{"count":2775015,"self":7.73128,"total":84.1196313,"children":{"GenerateSensorData":{"count":2775015,"self":49.579372799999994,"total":76.3883516,"children":{"RayPerceptionSensor.Perceive":{"count":5550030,"self":26.8089792,"total":26.808979899999997,"children":null}}}}}}}}},"DecideAction":{"count":925001,"self":4747.5777536,"total":4747.5776657,"children":null},"AgentAct":{"count":925001,"self":33.7203936,"total":33.818370099999996,"children":{"AgentInfo.ToProto":{"count":2775,"self":0.013042399999999999,"total":0.0979766,"children":{"GenerateSensorData":{"count":2775,"self":0.0583891,"total":0.0849342,"children":{"RayPerceptionSensor.Perceive":{"count":5550,"self":0.0265451,"total":0.0265451,"children":null}}}}}}}},"gauges":{"MoveToTables.CumulativeReward":{"count":2775,"max":9.000763,"min":-0.99994123,"runningAverage":-0.647673666,"value":-0.99994123,"weightedAverage":-0.979563057}},"metadata":{"timer_format_version":"0.1.0","start_time_seconds":"1670766796","unity_version":"2021.3.11f1","command_line_arguments":"B:\\2021.3.11f1\\Editor\\Unity.exe -projectpath C:\\Users\\tobia\\Documents\\GitHub\\UnityRL -useHub -hubIPC -cloudEnvironment production -licensingIpc LicenseClient-tobia -hubSessionId 807f0c20-7939-11ed-8548-ab0d930a3935 -accessToken ypZnuonbVjc8LdpJGyFkajScxOepqrbwaeqCDyN9z5E005f","communication_protocol_version":"1.5.0","com.unity.ml-agents_version":"2.0.1","scene_name":"WarehouseTest","end_time_seconds":"1670773346"}}