{"count":1,"self":1809.1644927999998,"total":14155.657171899999,"children":{"InitializeActuators":{"count":24,"self":0.0009999,"total":0.0009999,"children":null},"InitializeSensors":{"count":24,"self":0.0030006,"total":0.0030006,"children":null},"AgentSendState":{"count":1668501,"self":1298.1890048,"total":1529.0313127,"children":{"CollectObservations":{"count":8008824,"self":14.5186976,"total":14.518697999999999,"children":null},"WriteActionMask":{"count":8008824,"self":4.6030267999999994,"total":4.6030267999999994,"children":null},"RequestDecision":{"count":8008824,"self":18.54232,"total":211.7205439,"children":{"AgentInfo.ToProto":{"count":8008824,"self":16.350779199999998,"total":193.1782247,"children":{"GenerateSensorData":{"count":8008824,"self":120.3531392,"total":176.8274461,"children":{"RayPerceptionSensor.Perceive":{"count":16017648,"self":56.474304,"total":56.474304599999996,"children":null}}}}}}}}},"DecideAction":{"count":1668501,"self":10676.053606399999,"total":10676.0536868,"children":null},"AgentAct":{"count":1668501,"self":141.0850944,"total":141.3796413,"children":{"AgentInfo.ToProto":{"count":7694,"self":0.049870899999999996,"total":0.29454949999999996,"children":{"GenerateSensorData":{"count":7694,"self":0.1811702,"total":0.2446786,"children":{"RayPerceptionSensor.Perceive":{"count":15388,"self":0.063508399999999993,"total":0.063508399999999993,"children":null}}}}}}},"AgentInfo.ToProto":{"count":553,"self":0.0050022999999999995,"total":0.0200044,"children":{"GenerateSensorData":{"count":553,"self":0.0100022,"total":0.015002099999999999,"children":{"RayPerceptionSensor.Perceive":{"count":1106,"self":0.0049999,"total":0.0049999,"children":null}}}}}},"gauges":{"MoveToTables.CumulativeReward":{"count":8247,"max":7.366415,"min":-2.000107,"runningAverage":0.08721014,"value":1.75979745,"weightedAverage":0.9791062}},"metadata":{"timer_format_version":"0.1.0","start_time_seconds":"1670856462","unity_version":"2021.3.11f1","command_line_arguments":"C:\\Program Files\\Unity\\Hub\\Editor\\2021.3.11f1\\Editor\\Unity.exe -projectpath C:\\Users\\thoma\\Documents\\GitHub\\Unity\\bedstespil\\UnityRL -useHub -hubIPC -cloudEnvironment production -licensingIpc LicenseClient-thoma -hubSessionId c9312e80-79f7-11ed-855b-0193dd60271c -accessToken jbHx30nMC2rnP0kCCbYTsSsHSBf9P3aIq5-RYI91XDY005f","communication_protocol_version":"1.5.0","com.unity.ml-agents_version":"2.0.1","scene_name":"WarehouseTest","end_time_seconds":"1670870617"}}