{"count":1,"self":480.67696639999997,"total":3345.8057658999996,"children":{"InitializeActuators":{"count":16,"self":0.0020006,"total":0.0020006,"children":null},"InitializeSensors":{"count":16,"self":0.0020007,"total":0.0020007,"children":null},"AgentSendState":{"count":378234,"self":244.218112,"total":279.2994776,"children":{"CollectObservations":{"count":1210352,"self":1.9200594,"total":1.9200594,"children":null},"WriteActionMask":{"count":1210352,"self":0.69831409999999994,"total":0.69831409999999994,"children":null},"RequestDecision":{"count":1210352,"self":3.0702127999999997,"total":32.462995,"children":{"AgentInfo.ToProto":{"count":1210352,"self":2.8353029999999997,"total":29.3927822,"children":{"GenerateSensorData":{"count":1210352,"self":17.7441824,"total":26.5574792,"children":{"RayPerceptionSensor.Perceive":{"count":2420704,"self":8.8132976,"total":8.8132975,"children":null}}}}}}}}},"DecideAction":{"count":378234,"self":2571.1056896,"total":2571.1056073,"children":null},"AgentAct":{"count":378234,"self":14.6866848,"total":14.715690899999998,"children":{"AgentInfo.ToProto":{"count":1008,"self":0.0020001,"total":0.0290055,"children":{"GenerateSensorData":{"count":1008,"self":0.020003999999999997,"total":0.0270054,"children":{"RayPerceptionSensor.Perceive":{"count":2016,"self":0.0070014,"total":0.0070014,"children":null}}}}}}}},"gauges":{"MoveToTables.CumulativeReward":{"count":1008,"max":1.000066,"min":-0.999948561,"runningAverage":-0.779224455,"value":-0.999948561,"weightedAverage":-0.813784838}},"metadata":{"timer_format_version":"0.1.0","start_time_seconds":"1670325549","unity_version":"2021.3.11f1","command_line_arguments":"C:\\Program Files\\Unity\\Hub\\Editor\\2021.3.11f1\\Editor\\Unity.exe -projectpath C:\\Users\\thoma\\Documents\\GitHub\\Unity\\bedstespil\\UnityRL -useHub -hubIPC -cloudEnvironment production -licensingIpc LicenseClient-thoma -hubSessionId 2207ce40-754a-11ed-8352-a902a5b88a64 -accessToken ib0XniG1rIVXXpSqmYvhzuh08nylLCt-o9AaGDyTiA4005f","communication_protocol_version":"1.5.0","com.unity.ml-agents_version":"2.0.1","scene_name":"WarehouseTest","end_time_seconds":"1670328895"}}