{"count":1,"self":197.1291904,"total":2120.744526,"children":{"InitializeActuators":{"count":8,"self":0.0015658999999999998,"total":0.0015658999999999998,"children":null},"InitializeSensors":{"count":8,"self":0.0009971,"total":0.0009971,"children":null},"AgentSendState":{"count":303134,"self":1.8284562,"total":7.8384554,"children":{"CollectObservations":{"count":485016,"self":1.837356,"total":1.8373560999999998,"children":null},"WriteActionMask":{"count":485016,"self":0.32701169999999996,"total":0.32701169999999996,"children":null},"RequestDecision":{"count":485016,"self":1.1089491999999999,"total":3.8456314,"children":{"AgentInfo.ToProto":{"count":485016,"self":1.0927415999999999,"total":2.7366821999999997,"children":{"GenerateSensorData":{"count":485016,"self":1.6439405999999999,"total":1.6439405999999999,"children":null}}}}}}},"DecideAction":{"count":303134,"self":1909.0653184,"total":1909.0653244999999,"children":null},"AgentAct":{"count":303134,"self":6.6899612,"total":6.7034733,"children":{"AgentInfo.ToProto":{"count":1154,"self":0.003503,"total":0.013512099999999999,"children":{"GenerateSensorData":{"count":1154,"self":0.0100091,"total":0.0100091,"children":null}}}}},"AgentInfo.ToProto":{"count":13,"self":0,"total":0.0040127,"children":{"GenerateSensorData":{"count":13,"self":0.0040127,"total":0.0040127,"children":null}}}},"gauges":{"MoveToTables.CumulativeReward":{"count":1167,"max":0.9024999,"min":-1.00001872,"runningAverage":-0.981337,"value":-0.9999696,"weightedAverage":-1.00000477}},"metadata":{"timer_format_version":"0.1.0","start_time_seconds":"1669987190","unity_version":"2021.3.11f1","command_line_arguments":"B:\\2021.3.11f1\\Editor\\Unity.exe -projectpath C:\\Users\\tobia\\Documents\\GitHub\\UnityRL -useHub -hubIPC -cloudEnvironment production -licensingIpc LicenseClient-tobia -hubSessionId d3699fd0-7223-11ed-ac1c-8d4b0bc65c94 -accessToken 2vRV7SacWwuNlec1tefY2EhYNId_sfHcSLyi9j-3Ung005f","communication_protocol_version":"1.5.0","com.unity.ml-agents_version":"2.0.1","scene_name":"WarehouseTest","end_time_seconds":"1669989311"}}