{"count":1,"self":3362.2237184,"total":19255.0526713,"children":{"InitializeActuators":{"count":13,"self":0.0029988999999999997,"total":0.0029988999999999997,"children":null},"InitializeSensors":{"count":13,"self":0.0030014,"total":0.0030014,"children":null},"AgentSendState":{"count":3013051,"self":1698.0312064,"total":1994.1830536,"children":{"CollectObservations":{"count":7833943,"self":18.912751999999998,"total":18.9127516,"children":null},"WriteActionMask":{"count":7833943,"self":6.3286964,"total":6.3286964999999995,"children":null},"RequestDecision":{"count":7833943,"self":26.4254672,"total":270.9103581,"children":{"AgentInfo.ToProto":{"count":7833943,"self":24.5909856,"total":244.48489039999998,"children":{"GenerateSensorData":{"count":7833943,"self":147.66195199999999,"total":219.89390459999998,"children":{"RayPerceptionSensor.Perceive":{"count":15667886,"self":72.2319488,"total":72.2319514,"children":null}}}}}}}}},"DecideAction":{"count":3013051,"self":13789.0234368,"total":13789.023834399999,"children":null},"AgentAct":{"count":3013051,"self":108.9822976,"total":109.0627561,"children":{"AgentInfo.ToProto":{"count":2156,"self":0.0050006,"total":0.0804618,"children":{"GenerateSensorData":{"count":2156,"self":0.052172899999999994,"total":0.075461199999999992,"children":{"RayPerceptionSensor.Perceive":{"count":4312,"self":0.023288299999999998,"total":0.023288299999999998,"children":null}}}}}}},"AgentInfo.ToProto":{"count":11729,"self":0.0905768,"total":0.5522204,"children":{"GenerateSensorData":{"count":11729,"self":0.3419462,"total":0.4616436,"children":{"RayPerceptionSensor.Perceive":{"count":23458,"self":0.1196974,"total":0.1196974,"children":null}}}}}},"gauges":{"MoveToTables.CumulativeReward":{"count":13885,"max":3.986939,"min":-0.99994123,"runningAverage":2.17842031,"value":2.465948,"weightedAverage":2.17360258}},"metadata":{"timer_format_version":"0.1.0","start_time_seconds":"1671089932","unity_version":"2021.3.11f1","command_line_arguments":"B:\\2021.3.11f1\\Editor\\Unity.exe -projectpath C:\\Users\\tobia\\Documents\\GitHub\\UnityRL -useHub -hubIPC -cloudEnvironment production -licensingIpc LicenseClient-tobia -hubSessionId edc3ce10-7c4a-11ed-86ff-abdabbe22deb -accessToken QS4pHuWg0uHsFRoNHABkyJ3gVRIjg8MGIcD4TlQykx8005f","communication_protocol_version":"1.5.0","com.unity.ml-agents_version":"2.0.1","scene_name":"WarehouseTest","end_time_seconds":"1671109187"}}