{
    "name": "root",
    "gauges": {
        "MoveToTables.Policy.Entropy.mean": {
            "value": 1.5936801433563232,
            "min": 1.5936801433563232,
            "max": 1.5936801433563232,
            "count": 1
        },
        "MoveToTables.Policy.Entropy.sum": {
            "value": 81468.9296875,
            "min": 81468.9296875,
            "max": 81468.9296875,
            "count": 1
        },
        "MoveToTables.Step.mean": {
            "value": 49968.0,
            "min": 49968.0,
            "max": 49968.0,
            "count": 1
        },
        "MoveToTables.Step.sum": {
            "value": 49968.0,
            "min": 49968.0,
            "max": 49968.0,
            "count": 1
        },
        "MoveToTables.Policy.ExtrinsicBaselineEstimate.mean": {
            "value": -0.10727057605981827,
            "min": -0.10727057605981827,
            "max": -0.10727057605981827,
            "count": 1
        },
        "MoveToTables.Policy.ExtrinsicBaselineEstimate.sum": {
            "value": -84.95829772949219,
            "min": -84.95829772949219,
            "max": -84.95829772949219,
            "count": 1
        },
        "MoveToTables.Policy.ExtrinsicValueEstimate.mean": {
            "value": -0.10660701245069504,
            "min": -0.10660701245069504,
            "max": -0.10660701245069504,
            "count": 1
        },
        "MoveToTables.Policy.ExtrinsicValueEstimate.sum": {
            "value": -84.43275451660156,
            "min": -84.43275451660156,
            "max": -84.43275451660156,
            "count": 1
        },
        "MoveToTables.Losses.PolicyLoss.mean": {
            "value": 0.02412309723299448,
            "min": 0.02412309723299448,
            "max": 0.02412309723299448,
            "count": 1
        },
        "MoveToTables.Losses.PolicyLoss.sum": {
            "value": 0.09649238893197792,
            "min": 0.09649238893197792,
            "max": 0.09649238893197792,
            "count": 1
        },
        "MoveToTables.Losses.ValueLoss.mean": {
            "value": 0.000666488309952635,
            "min": 0.000666488309952635,
            "max": 0.000666488309952635,
            "count": 1
        },
        "MoveToTables.Losses.ValueLoss.sum": {
            "value": 0.00266595323981054,
            "min": 0.00266595323981054,
            "max": 0.00266595323981054,
            "count": 1
        },
        "MoveToTables.Losses.BaselineLoss.mean": {
            "value": 0.0006661135731326685,
            "min": 0.0006661135731326685,
            "max": 0.0006661135731326685,
            "count": 1
        },
        "MoveToTables.Losses.BaselineLoss.sum": {
            "value": 0.002664454292530674,
            "min": 0.002664454292530674,
            "max": 0.002664454292530674,
            "count": 1
        },
        "MoveToTables.Policy.LearningRate.mean": {
            "value": 0.0003,
            "min": 0.0003,
            "max": 0.0003,
            "count": 1
        },
        "MoveToTables.Policy.LearningRate.sum": {
            "value": 0.0012,
            "min": 0.0012,
            "max": 0.0012,
            "count": 1
        },
        "MoveToTables.Policy.Epsilon.mean": {
            "value": 0.2,
            "min": 0.2,
            "max": 0.2,
            "count": 1
        },
        "MoveToTables.Policy.Epsilon.sum": {
            "value": 0.8,
            "min": 0.8,
            "max": 0.8,
            "count": 1
        },
        "MoveToTables.Policy.Beta.mean": {
            "value": 0.01,
            "min": 0.01,
            "max": 0.01,
            "count": 1
        },
        "MoveToTables.Policy.Beta.sum": {
            "value": 0.04,
            "min": 0.04,
            "max": 0.04,
            "count": 1
        },
        "MoveToTables.Environment.EpisodeLength.mean": {
            "value": 999.0,
            "min": 999.0,
            "max": 999.0,
            "count": 1
        },
        "MoveToTables.Environment.EpisodeLength.sum": {
            "value": 29970.0,
            "min": 29970.0,
            "max": 29970.0,
            "count": 1
        },
        "MoveToTables.Environment.CumulativeReward.mean": {
            "value": 0.0,
            "min": 0.0,
            "max": 0.0,
            "count": 1
        },
        "MoveToTables.Environment.CumulativeReward.sum": {
            "value": 0.0,
            "min": 0.0,
            "max": 0.0,
            "count": 1
        },
        "MoveToTables.Policy.ExtrinsicReward.mean": {
            "value": -0.8662666961550712,
            "min": -0.8662666961550712,
            "max": -0.8662666961550712,
            "count": 1
        },
        "MoveToTables.Policy.ExtrinsicReward.sum": {
            "value": -25.988000884652138,
            "min": -25.988000884652138,
            "max": -25.988000884652138,
            "count": 1
        },
        "MoveToTables.Environment.GroupCumulativeReward.mean": {
            "value": -0.8662666961550712,
            "min": -0.8662666961550712,
            "max": -0.8662666961550712,
            "count": 1
        },
        "MoveToTables.Environment.GroupCumulativeReward.sum": {
            "value": -25.988000884652138,
            "min": -25.988000884652138,
            "max": -25.988000884652138,
            "count": 1
        },
        "MoveToTables.IsTraining.mean": {
            "value": 1.0,
            "min": 1.0,
            "max": 1.0,
            "count": 1
        },
        "MoveToTables.IsTraining.sum": {
            "value": 1.0,
            "min": 1.0,
            "max": 1.0,
            "count": 1
        }
    },
    "metadata": {
        "timer_format_version": "0.1.0",
        "start_time_seconds": "1670679698",
        "python_version": "3.9.13 (main, Aug 25 2022, 23:51:50) [MSC v.1916 64 bit (AMD64)]",
        "command_line_arguments": "C:\\Users\\tobia\\miniconda3\\Scripts\\mlagents-learn --force --run-id=longtrain configMulti.yaml",
        "mlagents_version": "0.30.0",
        "mlagents_envs_version": "0.30.0",
        "communication_protocol_version": "1.5.0",
        "pytorch_version": "1.12.1+cu116",
        "numpy_version": "1.21.2",
        "end_time_seconds": "1670679848"
    },
    "total": 149.0470748,
    "count": 1,
    "self": 0.006532399999997551,
    "children": {
        "run_training.setup": {
            "total": 0.15407860000000007,
            "count": 1,
            "self": 0.15407860000000007
        },
        "TrainerController.start_learning": {
            "total": 148.8864638,
            "count": 1,
            "self": 0.060124399999295974,
            "children": {
                "TrainerController._reset_env": {
                    "total": 16.9758219,
                    "count": 1,
                    "self": 16.9758219
                },
                "TrainerController.advance": {
                    "total": 131.64798160000072,
                    "count": 2643,
                    "self": 0.0678892000005078,
                    "children": {
                        "env_step": {
                            "total": 76.88351229999999,
                            "count": 2643,
                            "self": 64.29623260000021,
                            "children": {
                                "SubprocessEnvManager._take_step": {
                                    "total": 12.547158399999716,
                                    "count": 2643,
                                    "self": 0.23101489999963576,
                                    "children": {
                                        "TorchPolicy.evaluate": {
                                            "total": 12.31614350000008,
                                            "count": 2641,
                                            "self": 12.31614350000008
                                        }
                                    }
                                },