{
    "name": "root",
    "gauges": {
        "MoveToTables.Policy.Entropy.mean": {
            "value": 1.5210884809494019,
            "min": 1.5210884809494019,
            "max": 1.5847452878952026,
            "count": 7
        },
        "MoveToTables.Policy.Entropy.sum": {
            "value": 91119.28125,
            "min": 91119.28125,
            "max": 95541.125,
            "count": 7
        },
        "MoveToTables.Step.mean": {
            "value": 419968.0,
            "min": 59968.0,
            "max": 419968.0,
            "count": 7
        },
        "MoveToTables.Step.sum": {
            "value": 419968.0,
            "min": 59968.0,
            "max": 419968.0,
            "count": 7
        },
        "MoveToTables.Policy.ExtrinsicBaselineEstimate.mean": {
            "value": -0.41011038422584534,
            "min": -0.41011038422584534,
            "max": -0.04348107427358627,
            "count": 7
        },
        "MoveToTables.Policy.ExtrinsicBaselineEstimate.sum": {
            "value": -394.52618408203125,
            "min": -394.52618408203125,
            "max": -41.5244255065918,
            "count": 7
        },
        "MoveToTables.Policy.ExtrinsicValueEstimate.mean": {
            "value": -0.44619107246398926,
            "min": -0.44619107246398926,
            "max": -0.04328034818172455,
            "count": 7
        },
        "MoveToTables.Policy.ExtrinsicValueEstimate.sum": {
            "value": -429.2358093261719,
            "min": -429.2358093261719,
            "max": -41.332733154296875,
            "count": 7
        },
        "MoveToTables.Losses.PolicyLoss.mean": {
            "value": 0.024135170028911846,
            "min": 0.020125303683141624,
            "max": 0.025111448187663248,
            "count": 7
        },
        "MoveToTables.Losses.PolicyLoss.sum": {
            "value": 0.14481102017347108,
            "min": 0.10947588929539602,
            "max": 0.14481102017347108,
            "count": 7
        },
        "MoveToTables.Losses.ValueLoss.mean": {
            "value": 0.043889104136538626,
            "min": 0.0034931109076356422,
            "max": 0.043889104136538626,
            "count": 7
        },
        "MoveToTables.Losses.ValueLoss.sum": {
            "value": 0.26333462481923176,
            "min": 0.020958665445813852,
            "max": 0.26333462481923176,
            "count": 7
        },
        "MoveToTables.Losses.BaselineLoss.mean": {
            "value": 0.10733118132885659,
            "min": 0.004412590324316607,
            "max": 0.10733118132885659,
            "count": 7
        },
        "MoveToTables.Losses.BaselineLoss.sum": {
            "value": 0.6439870879731395,
            "min": 0.02389309827351209,
            "max": 0.6439870879731395,
            "count": 7
        },
        "MoveToTables.Policy.LearningRate.mean": {
            "value": 0.0003,
            "min": 0.0003,
            "max": 0.0003,
            "count": 7
        },
        "MoveToTables.Policy.LearningRate.sum": {
            "value": 0.0017999999999999997,
            "min": 0.0014999999999999998,
            "max": 0.0017999999999999997,
            "count": 7
        },
        "MoveToTables.Policy.Epsilon.mean": {
            "value": 0.20000000000000004,
            "min": 0.2,
            "max": 0.20000000000000004,
            "count": 7
        },
        "MoveToTables.Policy.Epsilon.sum": {
            "value": 1.2000000000000002,
            "min": 1.0,
            "max": 1.2000000000000002,
            "count": 7
        },
        "MoveToTables.Policy.Beta.mean": {
            "value": 0.010000000000000002,
            "min": 0.010000000000000002,
            "max": 0.010000000000000002,
            "count": 7
        },
        "MoveToTables.Policy.Beta.sum": {
            "value": 0.06000000000000001,
            "min": 0.05000000000000001,
            "max": 0.06000000000000001,
            "count": 7
        },
        "MoveToTables.Environment.EpisodeLength.mean": {
            "value": 999.0,
            "min": 999.0,
            "max": 999.0,
            "count": 7
        },
        "MoveToTables.Environment.EpisodeLength.sum": {
            "value": 63936.0,
            "min": 47952.0,
            "max": 63936.0,
            "count": 7
        },
        "MoveToTables.Environment.CumulativeReward.mean": {
            "value": 0.0,
            "min": 0.0,
            "max": 0.0,
            "count": 7
        },
        "MoveToTables.Environment.CumulativeReward.sum": {
            "value": 0.0,
            "min": 0.0,
            "max": 0.0,
            "count": 7
        },
        "MoveToTables.Policy.ExtrinsicReward.mean": {
            "value": -8.521675299154595,
            "min": -8.521675299154595,
            "max": -2.1093238753577075,
            "count": 7
        },
        "MoveToTables.Policy.ExtrinsicReward.sum": {
            "value": -545.387219145894,
            "min": -545.387219145894,
            "max": -104.4902037344873,
            "count": 7
        },
        "MoveToTables.Environment.GroupCumulativeReward.mean": {
            "value": -8.521675299154595,
            "min": -8.521675299154595,
            "max": -2.1093238753577075,
            "count": 7
        },
        "MoveToTables.Environment.GroupCumulativeReward.sum": {
            "value": -545.387219145894,
            "min": -545.387219145894,
            "max": -104.4902037344873,
            "count": 7
        },
        "MoveToTables.IsTraining.mean": {
            "value": 1.0,
            "min": 1.0,
            "max": 1.0,
            "count": 7
        },
        "MoveToTables.IsTraining.sum": {
            "value": 1.0,
            "min": 1.0,
            "max": 1.0,
            "count": 7
        }
    },
    "metadata": {
        "timer_format_version": "0.1.0",
        "start_time_seconds": "1670593967",
        "python_version": "3.9.13 (main, Aug 25 2022, 23:51:50) [MSC v.1916 64 bit (AMD64)]",
        "command_line_arguments": "C:\\Users\\tobia\\miniconda3\\Scripts\\mlagents-learn --run-id=multitest configMulti.yaml --force",
        "mlagents_version": "0.30.0",
        "mlagents_envs_version": "0.30.0",
        "communication_protocol_version": "1.5.0",
        "pytorch_version": "1.12.1+cu116",
        "numpy_version": "1.21.2",
        "end_time_seconds": "1670595154"
    },
    "total": 1186.5832786,
    "count": 1,
    "self": 10.0201962000001,
    "children": {
        "run_training.setup": {
            "total": 0.23889309999999986,
            "count": 1,
            "self": 0.23889309999999986
        },
        "TrainerController.start_learning": {
            "total": 1176.3241893,
            "count": 1,
            "self": 0.8307332999859227,
            "children": {
                "TrainerController._reset_env": {
                    "total": 14.658095199999998,
                    "count": 1,
                    "self": 14.658095199999998
                },
                "TrainerController.advance": {
                    "total": 1159.7089532000139,
                    "count": 28913,
                    "self": 1.0007645000148386,
                    "children": {
                        "env_step": {
                            "total": 756.034161999998,
                            "count": 28913,
                            "self": 617.5038683999812,
                            "children": {
                                "SubprocessEnvManager._take_step": {
                                    "total": 138.00279120001494,
                                    "count": 28913,
                                    "self": 3.459539700022333,
                                    "children": {
                                        "TorchPolicy.evaluate": {
                                            "total": 134.5432514999926,
                                            "count": 28885,