{
    "name": "root",
    "metadata": {
        "timer_format_version": "0.1.0",
        "start_time_seconds": "1665568897",
        "python_version": "3.9.13 (main, Aug 25 2022, 23:51:50) [MSC v.1916 64 bit (AMD64)]",
        "command_line_arguments": "C:\\Users\\tobia\\miniconda3\\Scripts\\mlagents-learn moveToGoal.yaml --force",
        "mlagents_version": "0.29.0",
        "mlagents_envs_version": "0.29.0",
        "communication_protocol_version": "1.5.0",
        "pytorch_version": "1.12.1+cu116",
        "numpy_version": "1.21.2",
        "end_time_seconds": "1665568979"
    },
    "total": 81.9639256,
    "count": 1,
    "self": 0.005742499999982442,
    "children": {
        "run_training.setup": {
            "total": 0.12206530000000004,
            "count": 1,
            "self": 0.12206530000000004
        },
        "TrainerController.start_learning": {
            "total": 81.83611780000001,
            "count": 1,
            "self": 0.005983500000041886,
            "children": {
                "TrainerController._reset_env": {
                    "total": 9.781854899999999,
                    "count": 1,
                    "self": 9.781854899999999
                },
                "TrainerController.advance": {
                    "total": 71.78623569999996,
                    "count": 321,
                    "self": 0.0058230999999580035,
                    "children": {
                        "env_step": {
                            "total": 67.8241905,
                            "count": 321,
                            "self": 66.08354200000001,
                            "children": {
                                "SubprocessEnvManager._take_step": {
                                    "total": 1.7368487999999846,
                                    "count": 321,
                                    "self": 0.019169199999995,
                                    "children": {
                                        "TorchPolicy.evaluate": {
                                            "total": 1.7176795999999896,
                                            "count": 321,
                                            "self": 0.4442350000000097,
                                            "children": {
                                                "TorchPolicy.sample_actions": {
                                                    "total": 1.27344459999998,
                                                    "count": 321,
                                                    "self": 1.27344459999998
                                                }
                                            }
                                        }
                                    }
                                },
                                "workers": {
                                    "total": 0.0037997000000054015,
                                    "count": 320,
                                    "self": 0.0,
                                    "children": {
                                        "worker_root": {
                                            "total": 11.260164500000002,
                                            "count": 320,
                                            "is_parallel": true,
                                            "self": 8.767430999999966,
                                            "children": {
                                                "steps_from_proto": {
                                                    "total": 0.0005261000000000848,
                                                    "count": 1,
                                                    "is_parallel": true,
                                                    "self": 0.00027649999999912467,
                                                    "children": {
                                                        "_process_rank_one_or_two_observation": {
                                                            "total": 0.00024960000000096016,
                                                            "count": 2,
                                                            "is_parallel": true,
                                                            "self": 0.00024960000000096016
                                                        }
                                                    }
                                                },
                                                "UnityEnvironment.step": {
                                                    "total": 2.4922074000000354,
                                                    "count": 320,
                                                    "is_parallel": true,
                                                    "self": 0.029171600000008624,
                                                    "children": {
                                                        "UnityEnvironment._generate_step_input": {
                                                            "total": 0.033430899999991937,
                                                            "count": 320,
                                                            "is_parallel": true,
                                                            "self": 0.033430899999991937
                                                        },
                                                        "communicator.exchange": {
                                                            "total": 2.329502400000006,
                                                            "count": 320,
                                                            "is_parallel": true,
                                                            "self": 2.329502400000006
                                                        },
                                                        "steps_from_proto": {
                                                            "total": 0.10010250000002863,
                                                            "count": 320,
                                                            "is_parallel": true,
                                                            "self": 0.06109600000001514,
                                                            "children": {
                                                                "_process_rank_one_or_two_observation": {
                                                                    "total": 0.03900650000001349,
                                                                    "count": 640,
                                                                    "is_parallel": true,
                                                                    "self": 0.03900650000001349
                                                                }
                                                            }
                                                        }
                                                    }
                                                }
                                            }
                                        }
                                    }
                                }
                            }
                        },
                        "trainer_advance": {
                            "total": 3.9562221000000086,
                            "count": 320,
                            "self": 0.00734950000000012,
                            "children": {
                                "process_trajectory": {
                                    "total": 0.08073180000000768,
                                    "count": 320,
                                    "self": 0.08073180000000768
                                },
                                "_update_policy": {
                                    "total": 3.868140800000001,