{
    "name": "root",
    "gauges": {
        "MoveToGoal.Policy.Entropy.mean": {
            "value": 1.4176031351089478,
            "min": 1.4176031351089478,
            "max": 1.4176031351089478,
            "count": 1
        },
        "MoveToGoal.Policy.Entropy.sum": {
            "value": 14833.798828125,
            "min": 14833.798828125,
            "max": 14833.798828125,
            "count": 1
        },
        "MoveToGoal.Environment.EpisodeLength.mean": {
            "value": 77.784,
            "min": 77.784,
            "max": 77.784,
            "count": 1
        },
        "MoveToGoal.Environment.EpisodeLength.sum": {
            "value": 9723.0,
            "min": 9723.0,
            "max": 9723.0,
            "count": 1
        },
        "MoveToGoal.Step.mean": {
            "value": 9997.0,
            "min": 9997.0,
            "max": 9997.0,
            "count": 1
        },
        "MoveToGoal.Step.sum": {
            "value": 9997.0,
            "min": 9997.0,
            "max": 9997.0,
            "count": 1
        },
        "MoveToGoal.Policy.ExtrinsicValueEstimate.mean": {
            "value": 0.041800159960985184,
            "min": 0.041800159960985184,
            "max": 0.041800159960985184,
            "count": 1
        },
        "MoveToGoal.Policy.ExtrinsicValueEstimate.sum": {
            "value": 9.070634841918945,
            "min": 9.070634841918945,
            "max": 9.070634841918945,
            "count": 1
        },
        "MoveToGoal.Environment.CumulativeReward.mean": {
            "value": 0.0967741935483871,
            "min": 0.0967741935483871,
            "max": 0.0967741935483871,
            "count": 1
        },
        "MoveToGoal.Environment.CumulativeReward.sum": {
            "value": 12.0,
            "min": 12.0,
            "max": 12.0,
            "count": 1
        },
        "MoveToGoal.Policy.ExtrinsicReward.mean": {
            "value": 0.0967741935483871,
            "min": 0.0967741935483871,
            "max": 0.0967741935483871,
            "count": 1
        },
        "MoveToGoal.Policy.ExtrinsicReward.sum": {
            "value": 12.0,
            "min": 12.0,
            "max": 12.0,
            "count": 1
        },
        "MoveToGoal.Losses.PolicyLoss.mean": {
            "value": 0.24318653918148314,
            "min": 0.24318653918148314,
            "max": 0.24318653918148314,
            "count": 1
        },
        "MoveToGoal.Losses.PolicyLoss.sum": {
            "value": 17.509430821066786,
            "min": 17.509430821066786,
            "max": 17.509430821066786,
            "count": 1
        },
        "MoveToGoal.Losses.ValueLoss.mean": {
            "value": 0.08043707578646132,
            "min": 0.08043707578646132,
            "max": 0.08043707578646132,
            "count": 1
        },
        "MoveToGoal.Losses.ValueLoss.sum": {
            "value": 5.791469456625215,
            "min": 5.791469456625215,
            "max": 5.791469456625215,
            "count": 1
        },
        "MoveToGoal.Policy.LearningRate.mean": {
            "value": 0.0002967889927370027,
            "min": 0.0002967889927370027,
            "max": 0.0002967889927370027,
            "count": 1
        },
        "MoveToGoal.Policy.LearningRate.sum": {
            "value": 0.021368807477064197,
            "min": 0.021368807477064197,
            "max": 0.021368807477064197,
            "count": 1
        },
        "MoveToGoal.Policy.Epsilon.mean": {
            "value": 0.19892966388888889,
            "min": 0.19892966388888889,
            "max": 0.19892966388888889,
            "count": 1
        },
        "MoveToGoal.Policy.Epsilon.sum": {
            "value": 14.3229358,
            "min": 14.3229358,
            "max": 14.3229358,
            "count": 1
        },
        "MoveToGoal.Policy.Beta.mean": {
            "value": 0.0005,
            "min": 0.0005,
            "max": 0.0005,
            "count": 1
        },
        "MoveToGoal.Policy.Beta.sum": {
            "value": 0.036000000000000004,
            "min": 0.036000000000000004,
            "max": 0.036000000000000004,
            "count": 1
        },
        "MoveToGoal.IsTraining.mean": {
            "value": 1.0,
            "min": 1.0,
            "max": 1.0,
            "count": 1
        },
        "MoveToGoal.IsTraining.sum": {
            "value": 1.0,
            "min": 1.0,
            "max": 1.0,
            "count": 1
        }
    },
    "metadata": {
        "timer_format_version": "0.1.0",
        "start_time_seconds": "1664793013",
        "python_version": "3.9.13 (main, Aug 25 2022, 23:51:50) [MSC v.1916 64 bit (AMD64)]",
        "command_line_arguments": "C:\\Users\\tobia\\miniconda3\\Scripts\\mlagents-learn moveToGoal.yaml --force",
        "mlagents_version": "0.29.0",
        "mlagents_envs_version": "0.29.0",
        "communication_protocol_version": "1.5.0",
        "pytorch_version": "1.12.1+cu116",
        "numpy_version": "1.21.2",
        "end_time_seconds": "1664793099"
    },
    "total": 86.15783929999999,
    "count": 1,
    "self": 0.005896299999989196,
    "children": {
        "run_training.setup": {
            "total": 0.12579010000000013,
            "count": 1,
            "self": 0.12579010000000013
        },
        "TrainerController.start_learning": {
            "total": 86.0261529,
            "count": 1,
            "self": 0.03134109999976431,
            "children": {
                "TrainerController._reset_env": {
                    "total": 10.9634506,
                    "count": 1,
                    "self": 10.9634506
                },
                "TrainerController.advance": {
                    "total": 74.87872880000022,
                    "count": 1321,
                    "self": 0.030866500000186647,
                    "children": {
                        "env_step": {
                            "total": 17.80937880000014,
                            "count": 1321,
                            "self": 14.524036599999985,
                            "children": {
                                "SubprocessEnvManager._take_step": {
                                    "total": 3.2677503000001114,
                                    "count": 1321,
                                    "self": 0.10421670000022942,
                                    "children": {
                                        "TorchPolicy.evaluate": {
                                            "total": 3.163533599999882,
                                            "count": 1111,
                                            "self": 1.316517599999754,
                                            "children": {
                                                "TorchPolicy.sample_actions": {
                                                    "total": 1.8470160000001279,
                                                    "count": 1111,
                                                    "self": 1.8470160000001279
                                                }
                                            }
                                        }
                                    }
                                },
                                "workers": {
                                    "total": 0.017591900000043736,
                                    "count": 1320,
                                    "self": 0.0,
                                    "children": {
                                        "worker_root": {
                                            "total": 73.14645329999986,
                                            "count": 1320,
                                            "is_parallel": true,
                                            "self": 65.58162669999983,