{
    "name": "root",
    "metadata": {
        "timer_format_version": "0.1.0",
        "start_time_seconds": "1664476682",
        "python_version": "3.9.13 (main, Aug 25 2022, 23:51:50) [MSC v.1916 64 bit (AMD64)]",
        "command_line_arguments": "C:\\Users\\tobia\\miniconda3\\Scripts\\mlagents-learn --run-id=testconfigun",
        "mlagents_version": "0.29.0",
        "mlagents_envs_version": "0.29.0",
        "communication_protocol_version": "1.5.0",
        "pytorch_version": "1.12.1+cu116",
        "numpy_version": "1.21.2",
        "end_time_seconds": "1664476707"
    },
    "total": 24.708554399999997,
    "count": 1,
    "self": 0.005438799999996746,
    "children": {
        "run_training.setup": {
            "total": 0.04909560000000002,
            "count": 1,
            "self": 0.04909560000000002
        },
        "TrainerController.start_learning": {
            "total": 24.65402,
            "count": 1,
            "self": 0.020132599999914902,
            "children": {
                "TrainerController._reset_env": {
                    "total": 9.7280989,
                    "count": 1,
                    "self": 9.7280989
                },
                "TrainerController.advance": {
                    "total": 14.705972900000083,
                    "count": 918,
                    "self": 0.0186224000000923,
                    "children": {
                        "env_step": {
                            "total": 11.72025009999996,
                            "count": 918,
                            "self": 9.876887199999873,
                            "children": {
                                "SubprocessEnvManager._take_step": {
                                    "total": 1.8323401000000121,
                                    "count": 918,
                                    "self": 0.04444680000005974,
                                    "children": {
                                        "TorchPolicy.evaluate": {
                                            "total": 1.7878932999999524,
                                            "count": 657,
                                            "self": 0.5597811999999678,
                                            "children": {
                                                "TorchPolicy.sample_actions": {
                                                    "total": 1.2281120999999846,
                                                    "count": 657,
                                                    "self": 1.2281120999999846
                                                }
                                            }
                                        }
                                    }
                                },
                                "workers": {
                                    "total": 0.011022800000075605,
                                    "count": 917,
                                    "self": 0.0,
                                    "children": {
                                        "worker_root": {
                                            "total": 13.365857499999985,
                                            "count": 917,
                                            "is_parallel": true,
                                            "self": 9.271161800000005,
                                            "children": {
                                                "steps_from_proto": {
                                                    "total": 0.0004224000000006001,
                                                    "count": 1,
                                                    "is_parallel": true,
                                                    "self": 0.00016030000000011313,
                                                    "children": {
                                                        "_process_rank_one_or_two_observation": {
                                                            "total": 0.00026210000000048694,
                                                            "count": 2,
                                                            "is_parallel": true,
                                                            "self": 0.00026210000000048694
                                                        }
                                                    }
                                                },
                                                "UnityEnvironment.step": {
                                                    "total": 4.09427329999998,
                                                    "count": 917,
                                                    "is_parallel": true,
                                                    "self": 0.10149090000002481,
                                                    "children": {
                                                        "UnityEnvironment._generate_step_input": {
                                                            "total": 0.1504316999999986,
                                                            "count": 917,
                                                            "is_parallel": true,
                                                            "self": 0.1504316999999986
                                                        },
                                                        "communicator.exchange": {
                                                            "total": 3.6118360999999286,
                                                            "count": 917,
                                                            "is_parallel": true,
                                                            "self": 3.6118360999999286
                                                        },
                                                        "steps_from_proto": {
                                                            "total": 0.23051460000002777,
                                                            "count": 917,
                                                            "is_parallel": true,
                                                            "self": 0.10500769999996074,
                                                            "children": {
                                                                "_process_rank_one_or_two_observation": {
                                                                    "total": 0.12550690000006703,
                                                                    "count": 1834,
                                                                    "is_parallel": true,
                                                                    "self": 0.12550690000006703
                                                                }
                                                            }
                                                        }
                                                    }
                                                }
                                            }
                                        }
                                    }
                                }
                            }
                        },
                        "trainer_advance": {
                            "total": 2.96710040000003,
                            "count": 917,
                            "self": 0.02259590000006817,
                            "children": {
                                "process_trajectory": {
                                    "total": 1.2824582999999592,
                                    "count": 917,
                                    "self": 1.2824582999999592
                                },
                                "_update_policy": {
                                    "total": 1.6620462000000025,
                                    "count": 1,