{
    "name": "root",
    "gauges": {
        "MoveToTables.Policy.Entropy.mean": {
            "value": 0.22703617811203003,
            "min": 0.16985294222831726,
            "max": 0.4312574565410614,
            "count": 261
        },
        "MoveToTables.Policy.Entropy.sum": {
            "value": 6829.7021484375,
            "min": 4399.2939453125,
            "max": 13079.607421875,
            "count": 261
        },
        "MoveToTables.Step.mean": {
            "value": 29279941.0,
            "min": 21479972.0,
            "max": 29279941.0,
            "count": 261
        },
        "MoveToTables.Step.sum": {
            "value": 29279941.0,
            "min": 21479972.0,
            "max": 29279941.0,
            "count": 261
        },
        "MoveToTables.Policy.ExtrinsicValueEstimate.mean": {
            "value": 0.4454309642314911,
            "min": 0.2293860912322998,
            "max": 0.5202014446258545,
            "count": 261
        },
        "MoveToTables.Policy.ExtrinsicValueEstimate.sum": {
            "value": 117.14834594726562,
            "min": 40.07292556762695,
            "max": 139.93418884277344,
            "count": 261
        },
        "MoveToTables.Policy.CuriosityValueEstimate.mean": {
            "value": 0.015387523919343948,
            "min": 0.012935575097799301,
            "max": 0.02807942032814026,
            "count": 261
        },
        "MoveToTables.Policy.CuriosityValueEstimate.sum": {
            "value": 4.046918869018555,
            "min": 2.5835137367248535,
            "max": 7.078768730163574,
            "count": 261
        },
        "MoveToTables.Environment.EpisodeLength.mean": {
            "value": 513.6271186440678,
            "min": 441.0285714285714,
            "max": 729.8095238095239,
            "count": 261
        },
        "MoveToTables.Environment.EpisodeLength.sum": {
            "value": 30304.0,
            "min": 9813.0,
            "max": 33173.0,
            "count": 261
        },
        "MoveToTables.Environment.CumulativeReward.mean": {
            "value": 2.4010274648918943,
            "min": 1.5004467290154724,
            "max": 2.544077455358846,
            "count": 261
        },
        "MoveToTables.Environment.CumulativeReward.sum": {
            "value": 141.66062042862177,
            "min": 37.17580493539572,
            "max": 178.0854218751192,
            "count": 261
        },
        "MoveToTables.Policy.ExtrinsicReward.mean": {
            "value": 2.4010274648918943,
            "min": 1.5004467290154724,
            "max": 2.544077455358846,
            "count": 261
        },
        "MoveToTables.Policy.ExtrinsicReward.sum": {
            "value": 141.66062042862177,
            "min": 37.17580493539572,
            "max": 178.0854218751192,
            "count": 261
        },
        "MoveToTables.Policy.CuriosityReward.mean": {
            "value": 0.0818741602186307,
            "min": 0.06189690805788684,
            "max": 0.20454749717662873,
            "count": 261
        },
        "MoveToTables.Policy.CuriosityReward.sum": {
            "value": 4.830575452899211,
            "min": 1.6191205209470354,
            "max": 9.265065168205183,
            "count": 261
        },
        "MoveToTables.Losses.PolicyLoss.mean": {
            "value": 0.06985802827412732,
            "min": 0.06383601693789173,
            "max": 0.07580294060227018,
            "count": 261
        },
        "MoveToTables.Losses.PolicyLoss.sum": {
            "value": 0.9780123958377825,
            "min": 0.3321514876763381,
            "max": 1.1124918553008076,
            "count": 261
        },
        "MoveToTables.Losses.ValueLoss.mean": {
            "value": 0.0018834383905029738,
            "min": 0.0011449730997940475,
            "max": 0.0022662973325558206,
            "count": 261
        },
        "MoveToTables.Losses.ValueLoss.sum": {
            "value": 0.026368137467041634,
            "min": 0.0060186241285682335,
            "max": 0.03172816265578149,
            "count": 261
        },
        "MoveToTables.Policy.LearningRate.mean": {
            "value": 7.350773978345953e-06,
            "min": 7.350773978345953e-06,
            "max": 8.525145958287066e-05,
            "count": 261
        },
        "MoveToTables.Policy.LearningRate.sum": {
            "value": 0.00010291083569684334,
            "min": 0.00010291083569684334,
            "max": 0.0012622489092507232,
            "count": 261
        },
        "MoveToTables.Policy.Epsilon.mean": {
            "value": 0.10245022547619047,
            "min": 0.10245022547619047,
            "max": 0.12841712933333332,
            "count": 261
        },
        "MoveToTables.Policy.Epsilon.sum": {
            "value": 1.4343031566666666,
            "min": 0.6420856466666667,
            "max": 1.9207492766666667,
            "count": 261
        },
        "MoveToTables.Policy.Beta.mean": {
            "value": 0.00025477752507142864,
            "min": 0.00025477752507142864,
            "max": 0.0028488712204,
            "count": 261
        },
        "MoveToTables.Policy.Beta.sum": {
            "value": 0.003566885351000001,
            "min": 0.003566885351000001,
            "max": 0.04218285273900001,
            "count": 261
        },
        "MoveToTables.Losses.CuriosityForwardLoss.mean": {
            "value": 0.007295792586933975,
            "min": 0.00658362859840968,
            "max": 0.013568281241792383,
            "count": 261
        },
        "MoveToTables.Losses.CuriosityForwardLoss.sum": {
            "value": 0.10214109621707565,
            "min": 0.058242683569006325,
            "max": 0.19968955819472198,
            "count": 261
        },
        "MoveToTables.Losses.CuriosityInverseLoss.mean": {
            "value": 0.0036782397422650466,
            "min": 0.0013771518672816643,
            "max": 0.024054293789754926,
            "count": 261
        },
        "MoveToTables.Losses.CuriosityInverseLoss.sum": {
            "value": 0.05149535639171065,
            "min": 0.0192801261419433,
            "max": 0.33676011305656894,
            "count": 261
        },
        "MoveToTables.IsTraining.mean": {
            "value": 1.0,
            "min": 1.0,
            "max": 1.0,
            "count": 261
        },
        "MoveToTables.IsTraining.sum": {
            "value": 1.0,
            "min": 1.0,
            "max": 1.0,
            "count": 261
        }
    },
    "metadata": {
        "timer_format_version": "0.1.0",
        "start_time_seconds": "1671089927",
        "python_version": "3.9.13 (main, Aug 25 2022, 23:51:50) [MSC v.1916 64 bit (AMD64)]",
        "command_line_arguments": "C:\\Users\\tobia\\miniconda3\\Scripts\\mlagents-learn --resume --run-id=randomEnv config.yaml",
        "mlagents_version": "0.30.0",
        "mlagents_envs_version": "0.30.0",
        "communication_protocol_version": "1.5.0",
        "pytorch_version": "1.12.1+cu116",
        "numpy_version": "1.21.2",
        "end_time_seconds": "1671109187"
    },
    "total": 19260.3452565,
    "count": 1,
    "self": 0.009117800000240095,
    "children": {
        "run_training.setup": {
            "total": 0.1684247000000001,
            "count": 1,
            "self": 0.1684247000000001
        },
        "TrainerController.start_learning": {
            "total": 19260.167714,
            "count": 1,
            "self": 14.219868199554185,
            "children": {
                "TrainerController._reset_env": {
                    "total": 16.664254,
                    "count": 1,
                    "self": 16.664254
                },
                "TrainerController.advance": {
                    "total": 19229.095912900444,
                    "count": 613852,
                    "self": 13.844447900981322,