{
    "name": "root",
    "metadata": {
        "timer_format_version": "0.1.0",
        "start_time_seconds": "1669642994",
        "python_version": "3.9.13 (main, Aug 25 2022, 23:51:50) [MSC v.1916 64 bit (AMD64)]",
        "command_line_arguments": "C:\\Users\\thoma\\anaconda3\\envs\\py3913\\Scripts\\mlagents-learn --force moveToGoal.yaml",
        "mlagents_version": "0.29.0",
        "mlagents_envs_version": "0.29.0",
        "communication_protocol_version": "1.5.0",
        "pytorch_version": "1.12.1+cu116",
        "numpy_version": "1.21.2",
        "end_time_seconds": "1669643135"
    },
    "total": 141.62096119999998,
    "count": 1,
    "self": 0.0064798999999879925,
    "children": {
        "run_training.setup": {
            "total": 0.081229,
            "count": 1,
            "self": 0.081229
        },
        "TrainerController.start_learning": {
            "total": 141.5332523,
            "count": 1,
            "self": 0.1402928999999915,
            "children": {
                "TrainerController._reset_env": {
                    "total": 7.252717199999999,
                    "count": 1,
                    "self": 6.4850862,
                    "children": {
                        "demo_to_buffer": {
                            "total": 0.7676309999999997,
                            "count": 1,
                            "self": 5.7299999999926854e-05,
                            "children": {
                                "load_demonstration": {
                                    "total": 0.011952899999998934,
                                    "count": 1,
                                    "self": 0.011798799999999332,
                                    "children": {
                                        "read_file": {
                                            "total": 0.00015409999999960178,
                                            "count": 1,
                                            "self": 0.00015409999999960178
                                        }
                                    }
                                },
                                "make_demo_buffer": {
                                    "total": 0.7556208000000009,
                                    "count": 1,
                                    "self": 0.126075400000083,
                                    "children": {
                                        "steps_from_proto": {
                                            "total": 0.6295453999999179,
                                            "count": 5728,
                                            "self": 0.46224539999995606,
                                            "children": {
                                                "_process_rank_one_or_two_observation": {
                                                    "total": 0.1672999999999618,
                                                    "count": 11456,
                                                    "self": 0.1672999999999618
                                                }
                                            }
                                        }
                                    }
                                }
                            }
                        }
                    }
                },
                "TrainerController.advance": {
                    "total": 133.9038215,
                    "count": 10242,
                    "self": 0.12117900000041004,
                    "children": {
                        "env_step": {
                            "total": 126.54041959999988,
                            "count": 10242,
                            "self": 98.62275439999988,
                            "children": {
                                "SubprocessEnvManager._take_step": {
                                    "total": 27.829605100000038,
                                    "count": 10243,
                                    "self": 0.36125270000050946,
                                    "children": {
                                        "TorchPolicy.evaluate": {
                                            "total": 27.468352399999528,
                                            "count": 10238,
                                            "self": 10.186126299999493,
                                            "children": {
                                                "TorchPolicy.sample_actions": {
                                                    "total": 17.282226100000035,
                                                    "count": 10238,
                                                    "self": 17.282226100000035
                                                }
                                            }
                                        }
                                    }
                                },
                                "workers": {
                                    "total": 0.08806009999996256,
                                    "count": 10241,
                                    "self": 0.0,
                                    "children": {
                                        "worker_root": {
                                            "total": 66.12081560000016,
                                            "count": 10241,
                                            "is_parallel": true,
                                            "self": 42.9342451,
                                            "children": {
                                                "steps_from_proto": {
                                                    "total": 0.0007300999999992897,
                                                    "count": 2,
                                                    "is_parallel": true,
                                                    "self": 0.0004004000000001895,
                                                    "children": {
                                                        "_process_rank_one_or_two_observation": {
                                                            "total": 0.00032969999999910016,
                                                            "count": 4,
                                                            "is_parallel": true,
                                                            "self": 0.00032969999999910016
                                                        }
                                                    }
                                                },
                                                "UnityEnvironment.step": {
                                                    "total": 23.18584040000016,
                                                    "count": 10241,
                                                    "is_parallel": true,
                                                    "self": 0.4658243999997893,
                                                    "children": {
                                                        "UnityEnvironment._generate_step_input": {
                                                            "total": 0.3938979999998802,
                                                            "count": 10241,
                                                            "is_parallel": true,
                                                            "self": 0.3938979999998802
                                                        },
                                                        "communicator.exchange": {
                                                            "total": 20.69016800000016,
                                                            "count": 10241,
                                                            "is_parallel": true,