{
    "name": "root",
    "metadata": {
        "timer_format_version": "0.1.0",
        "start_time_seconds": "1669035845",
        "python_version": "3.9.13 (main, Aug 25 2022, 23:51:50) [MSC v.1916 64 bit (AMD64)]",
        "command_line_arguments": "C:\\Users\\thoma\\anaconda3\\envs\\py3913\\Scripts\\mlagents-learn movetogoal.YAML --force",
        "mlagents_version": "0.29.0",
        "mlagents_envs_version": "0.29.0",
        "communication_protocol_version": "1.5.0",
        "pytorch_version": "1.12.1+cu116",
        "numpy_version": "1.21.2",
        "end_time_seconds": "1669035863"
    },
    "total": 17.889707,
    "count": 1,
    "self": 0.008796400000004923,
    "children": {
        "run_training.setup": {
            "total": 0.08005749999999989,
            "count": 1,
            "self": 0.08005749999999989
        },
        "TrainerController.start_learning": {
            "total": 17.800853099999998,
            "count": 1,
            "self": 0.014557400000008158,
            "children": {
                "TrainerController._reset_env": {
                    "total": 9.6162511,
                    "count": 1,
                    "self": 5.635298799999998,
                    "children": {
                        "demo_to_buffer": {
                            "total": 3.980952300000001,
                            "count": 2,
                            "self": 0.00015749999999936648,
                            "children": {
                                "load_demonstration": {
                                    "total": 0.06788989999999995,
                                    "count": 2,
                                    "self": 0.06451450000000047,
                                    "children": {
                                        "read_file": {
                                            "total": 0.0033753999999994733,
                                            "count": 2,
                                            "self": 0.0033753999999994733
                                        }
                                    }
                                },
                                "make_demo_buffer": {
                                    "total": 3.912904900000002,
                                    "count": 2,
                                    "self": 0.49803850000008154,
                                    "children": {
                                        "steps_from_proto": {
                                            "total": 3.4148663999999203,
                                            "count": 22708,
                                            "self": 1.88514780000013,
                                            "children": {
                                                "_process_rank_one_or_two_observation": {
                                                    "total": 1.5297185999997902,
                                                    "count": 90832,
                                                    "self": 1.5297185999997902
                                                }
                                            }
                                        }
                                    }
                                }
                            }
                        }
                    }
                },
                "TrainerController.advance": {
                    "total": 8.16680229999999,
                    "count": 1088,
                    "self": 0.012451799999912083,
                    "children": {
                        "env_step": {
                            "total": 6.96050760000001,
                            "count": 1088,
                            "self": 3.9213922999999724,
                            "children": {
                                "SubprocessEnvManager._take_step": {
                                    "total": 3.0296291000000153,
                                    "count": 1088,
                                    "self": 0.03846929999997428,
                                    "children": {
                                        "TorchPolicy.evaluate": {
                                            "total": 2.991159800000041,
                                            "count": 1088,
                                            "self": 1.2766527000000956,
                                            "children": {
                                                "TorchPolicy.sample_actions": {
                                                    "total": 1.7145070999999454,
                                                    "count": 1088,
                                                    "self": 1.7145070999999454
                                                }
                                            }
                                        }
                                    }
                                },
                                "workers": {
                                    "total": 0.009486200000022649,
                                    "count": 1088,
                                    "self": 0.0,
                                    "children": {
                                        "worker_root": {
                                            "total": 12.159328700000044,
                                            "count": 1088,
                                            "is_parallel": true,
                                            "self": 8.923540900000074,
                                            "children": {
                                                "steps_from_proto": {
                                                    "total": 0.0005400999999993772,
                                                    "count": 1,
                                                    "is_parallel": true,
                                                    "self": 0.00026499999999973767,
                                                    "children": {
                                                        "_process_rank_one_or_two_observation": {
                                                            "total": 0.0002750999999996395,
                                                            "count": 4,
                                                            "is_parallel": true,
                                                            "self": 0.0002750999999996395
                                                        }
                                                    }
                                                },
                                                "UnityEnvironment.step": {
                                                    "total": 3.235247699999972,
                                                    "count": 1088,
                                                    "is_parallel": true,
                                                    "self": 0.06179060000000369,
                                                    "children": {
                                                        "UnityEnvironment._generate_step_input": {
                                                            "total": 0.04433189999997644,
                                                            "count": 1088,
                                                            "is_parallel": true,
                                                            "self": 0.04433189999997644
                                                        },
                                                        "communicator.exchange": {
                                                            "total": 2.890815,
                                                            "count": 1088,
                                                            "is_parallel": true,