{
    "name": "root",
    "gauges": {
        "MoveToTables.Policy.Entropy.mean": {
            "value": 0.25400596857070923,
            "min": 0.25400596857070923,
            "max": 1.096828579902649,
            "count": 10
        },
        "MoveToTables.Policy.Entropy.sum": {
            "value": 12692.169921875,
            "min": 12692.169921875,
            "max": 55141.95703125,
            "count": 10
        },
        "MoveToTables.Step.mean": {
            "value": 499936.0,
            "min": 49936.0,
            "max": 499936.0,
            "count": 10
        },
        "MoveToTables.Step.sum": {
            "value": 499936.0,
            "min": 49936.0,
            "max": 499936.0,
            "count": 10
        },
        "MoveToTables.Policy.ExtrinsicValueEstimate.mean": {
            "value": -1.0576854944229126,
            "min": -15.104036331176758,
            "max": -1.0576854944229126,
            "count": 10
        },
        "MoveToTables.Policy.ExtrinsicValueEstimate.sum": {
            "value": -1057.685546875,
            "min": -15058.724609375,
            "max": -1057.685546875,
            "count": 10
        },
        "MoveToTables.Environment.EpisodeLength.mean": {
            "value": 99.0,
            "min": 98.97575757575757,
            "max": 99.0,
            "count": 10
        },
        "MoveToTables.Environment.EpisodeLength.sum": {
            "value": 48708.0,
            "min": 48708.0,
            "max": 49896.0,
            "count": 10
        },
        "MoveToTables.Environment.CumulativeReward.mean": {
            "value": -1.0000000298023224,
            "min": -1.044202044546002,
            "max": -1.0000000298023224,
            "count": 10
        },
        "MoveToTables.Environment.CumulativeReward.sum": {
            "value": -501.0000149309635,
            "min": -516.880012050271,
            "max": -495.0000147521496,
            "count": 10
        },
        "MoveToTables.Policy.ExtrinsicReward.mean": {
            "value": -1.0000000298023224,
            "min": -1.044202044546002,
            "max": -1.0000000298023224,
            "count": 10
        },
        "MoveToTables.Policy.ExtrinsicReward.sum": {
            "value": -501.0000149309635,
            "min": -516.880012050271,
            "max": -495.0000147521496,
            "count": 10
        },
        "MoveToTables.Losses.PolicyLoss.mean": {
            "value": 0.02148822000405441,
            "min": 0.020962493063416333,
            "max": 0.02522142368989686,
            "count": 10
        },
        "MoveToTables.Losses.PolicyLoss.sum": {
            "value": 0.10744110002027205,
            "min": 0.08384997225366533,
            "max": 0.1261071184494843,
            "count": 10
        },
        "MoveToTables.Losses.ValueLoss.mean": {
            "value": 1.83661944705212e-05,
            "min": 1.83661944705212e-05,
            "max": 1.0395393456021944,
            "count": 10
        },
        "MoveToTables.Losses.ValueLoss.sum": {
            "value": 9.183097235260599e-05,
            "min": 9.183097235260599e-05,
            "max": 4.158157382408778,
            "count": 10
        },
        "MoveToTables.Policy.LearningRate.mean": {
            "value": 1.4966495011199996e-05,
            "min": 1.4966495011199996e-05,
            "max": 0.00028388640537119994,
            "count": 10
        },
        "MoveToTables.Policy.LearningRate.sum": {
            "value": 7.483247505599998e-05,
            "min": 7.483247505599998e-05,
            "max": 0.001273632075456,
            "count": 10
        },
        "MoveToTables.Policy.Epsilon.mean": {
            "value": 0.10498880000000002,
            "min": 0.10498880000000002,
            "max": 0.19462880000000005,
            "count": 10
        },
        "MoveToTables.Policy.Epsilon.sum": {
            "value": 0.5249440000000001,
            "min": 0.45883519999999994,
            "max": 0.9245439999999998,
            "count": 10
        },
        "MoveToTables.Policy.Beta.mean": {
            "value": 0.00025894112,
            "min": 0.00025894112,
            "max": 0.00473197712,
            "count": 10
        },
        "MoveToTables.Policy.Beta.sum": {
            "value": 0.0012947056,
            "min": 0.0012947056,
            "max": 0.021234745599999997,
            "count": 10
        },
        "MoveToTables.IsTraining.mean": {
            "value": 1.0,
            "min": 1.0,
            "max": 1.0,
            "count": 10
        },
        "MoveToTables.IsTraining.sum": {
            "value": 1.0,
            "min": 1.0,
            "max": 1.0,
            "count": 10
        }
    },
    "metadata": {
        "timer_format_version": "0.1.0",
        "start_time_seconds": "1669973676",
        "python_version": "3.9.13 (main, Aug 25 2022, 23:51:50) [MSC v.1916 64 bit (AMD64)]",
        "command_line_arguments": "C:\\Users\\thoma\\anaconda3\\envs\\py3913\\Scripts\\mlagents-learn --force",
        "mlagents_version": "0.29.0",
        "mlagents_envs_version": "0.29.0",
        "communication_protocol_version": "1.5.0",
        "pytorch_version": "1.12.1+cu116",
        "numpy_version": "1.21.2",
        "end_time_seconds": "1669974310"
    },
    "total": 633.5519611999999,
    "count": 1,
    "self": 0.00624840000000404,
    "children": {
        "run_training.setup": {
            "total": 0.022922300000000062,
            "count": 1,
            "self": 0.022922300000000062
        },
        "TrainerController.start_learning": {
            "total": 633.5227904999999,
            "count": 1,
            "self": 0.726932099999317,
            "children": {
                "TrainerController._reset_env": {
                    "total": 9.6451181,
                    "count": 1,
                    "self": 9.6451181
                },
                "TrainerController.advance": {
                    "total": 623.0454658000006,
                    "count": 46370,
                    "self": 0.6179021000069724,
                    "children": {
                        "env_step": {
                            "total": 508.3279014999924,
                            "count": 46370,
                            "self": 341.4620184999919,
                            "children": {
                                "SubprocessEnvManager._take_step": {
                                    "total": 166.37678040000418,
                                    "count": 46371,
                                    "self": 1.894690699993106,
                                    "children": {
                                        "TorchPolicy.evaluate": {
                                            "total": 164.48208970001107,
                                            "count": 46371,
                                            "self": 65.79911990001537,
                                            "children": {
                                                "TorchPolicy.sample_actions": {
                                                    "total": 98.6829697999957,
                                                    "count": 46371,
                                                    "self": 98.6829697999957
                                                }
                                            }
                                        }
                                    }
                                },
                                "workers": {
                                    "total": 0.4891025999962686,
                                    "count": 46370,
                                    "self": 0.0,
                                    "children": {
                                        "worker_root": {
                                            "total": 573.5394491999949,
                                            "count": 46370,
                                            "is_parallel": true,