{
    "name": "root",
    "gauges": {
        "MoveToTables.Policy.Entropy.mean": {
            "value": 1.2831207513809204,
            "min": 1.2831207513809204,
            "max": 1.2858850955963135,
            "count": 2
        },
        "MoveToTables.Policy.Entropy.sum": {
            "value": 64217.625,
            "min": 64217.625,
            "max": 64355.9765625,
            "count": 2
        },
        "MoveToTables.Step.mean": {
            "value": 99968.0,
            "min": 49920.0,
            "max": 99968.0,
            "count": 2
        },
        "MoveToTables.Step.sum": {
            "value": 99968.0,
            "min": 49920.0,
            "max": 99968.0,
            "count": 2
        },
        "MoveToTables.Policy.ExtrinsicValueEstimate.mean": {
            "value": 0.23502644896507263,
            "min": -0.7607605457305908,
            "max": 0.23502644896507263,
            "count": 2
        },
        "MoveToTables.Policy.ExtrinsicValueEstimate.sum": {
            "value": 94.01058197021484,
            "min": -303.54345703125,
            "max": 94.01058197021484,
            "count": 2
        },
        "MoveToTables.Policy.CuriosityValueEstimate.mean": {
            "value": 2.069051504135132,
            "min": 2.069051504135132,
            "max": 4.724701404571533,
            "count": 2
        },
        "MoveToTables.Policy.CuriosityValueEstimate.sum": {
            "value": 827.62060546875,
            "min": 827.62060546875,
            "max": 1885.1558837890625,
            "count": 2
        },
        "MoveToTables.Policy.GailValueEstimate.mean": {
            "value": 19.659912109375,
            "min": 12.761838912963867,
            "max": 19.659912109375,
            "count": 2
        },
        "MoveToTables.Policy.GailValueEstimate.sum": {
            "value": 7863.96484375,
            "min": 5091.9736328125,
            "max": 7863.96484375,
            "count": 2
        },
        "MoveToTables.Losses.PolicyLoss.mean": {
            "value": 0.06681748084542642,
            "min": 0.06681748084542642,
            "max": 0.0683653238384212,
            "count": 2
        },
        "MoveToTables.Losses.PolicyLoss.sum": {
            "value": 1.1358971743722492,
            "min": 1.0938451814147392,
            "max": 1.1358971743722492,
            "count": 2
        },
        "MoveToTables.Losses.ValueLoss.mean": {
            "value": 0.6011682375617686,
            "min": 0.6011682375617686,
            "max": 1.1723542997626484,
            "count": 2
        },
        "MoveToTables.Losses.ValueLoss.sum": {
            "value": 10.219860038550067,
            "min": 10.219860038550067,
            "max": 18.757668796202374,
            "count": 2
        },
        "MoveToTables.Policy.LearningRate.mean": {
            "value": 0.00029774479133997176,
            "min": 0.00029774479133997176,
            "max": 0.0002992296002568,
            "count": 2
        },
        "MoveToTables.Policy.LearningRate.sum": {
            "value": 0.00506166145277952,
            "min": 0.0047876736041088,
            "max": 0.00506166145277952,
            "count": 2
        },
        "MoveToTables.Policy.Epsilon.mean": {
            "value": 0.19924826352941177,
            "min": 0.19924826352941177,
            "max": 0.1997432,
            "count": 2
        },
        "MoveToTables.Policy.Epsilon.sum": {
            "value": 3.3872204800000003,
            "min": 3.1958912,
            "max": 3.3872204800000003,
            "count": 2
        },
        "MoveToTables.Policy.Beta.mean": {
            "value": 0.009924901526588235,
            "min": 0.009924901526588235,
            "max": 0.00997434568,
            "count": 2
        },
        "MoveToTables.Policy.Beta.sum": {
            "value": 0.168723325952,
            "min": 0.15958953088,
            "max": 0.168723325952,
            "count": 2
        },
        "MoveToTables.Losses.CuriosityForwardLoss.mean": {
            "value": 0.11441009175893264,
            "min": 0.11441009175893264,
            "max": 6.898074312987442,
            "count": 2
        },
        "MoveToTables.Losses.CuriosityForwardLoss.sum": {
            "value": 1.9449715599018549,
            "min": 1.9449715599018549,
            "max": 110.36918900779906,
            "count": 2
        },
        "MoveToTables.Losses.CuriosityInverseLoss.mean": {
            "value": 1.2963993668027507,
            "min": 1.2950088013673113,
            "max": 1.2963993668027507,
            "count": 2
        },
        "MoveToTables.Losses.CuriosityInverseLoss.sum": {
            "value": 22.03878923564676,
            "min": 20.72014082187698,
            "max": 22.03878923564676,
            "count": 2
        },
        "MoveToTables.Policy.GAILPolicyEstimate.mean": {
            "value": 0.27899930610240586,
            "min": 0.25016009014299406,
            "max": 0.27899930610240586,
            "count": 2
        },
        "MoveToTables.Policy.GAILPolicyEstimate.sum": {
            "value": 4.7429882037409,
            "min": 4.002561442287905,
            "max": 4.7429882037409,
            "count": 2
        },
        "MoveToTables.Policy.GAILExpertEstimate.mean": {
            "value": 0.7516188286905753,
            "min": 0.7516188286905753,
            "max": 0.7559917623635442,
            "count": 2
        },
        "MoveToTables.Policy.GAILExpertEstimate.sum": {
            "value": 12.777520087739779,
            "min": 12.095868197816706,
            "max": 12.777520087739779,
            "count": 2
        },
        "MoveToTables.Losses.GAILLoss.mean": {
            "value": 0.6497921528004241,
            "min": 0.6360190990565728,
            "max": 0.6497921528004241,
            "count": 2
        },
        "MoveToTables.Losses.GAILLoss.sum": {
            "value": 11.04646659760721,
            "min": 10.176305584905165,
            "max": 11.04646659760721,
            "count": 2
        },
        "MoveToTables.Policy.GAILGradMagLoss.mean": {
            "value": 0.16402683631333512,
            "min": 0.16402683631333512,
            "max": 1.2112618819755014,
            "count": 2
        },
        "MoveToTables.Policy.GAILGradMagLoss.sum": {
            "value": 2.788456217326697,
            "min": 2.788456217326697,
            "max": 19.380190111608023,
            "count": 2
        },
        "MoveToTables.Environment.EpisodeLength.mean": {
            "value": 1999.0,
            "min": 1999.0,
            "max": 1999.0,
            "count": 2
        },
        "MoveToTables.Environment.EpisodeLength.sum": {
            "value": 47976.0,
            "min": 47976.0,
            "max": 47976.0,
            "count": 2
        },
        "MoveToTables.Environment.CumulativeReward.mean": {
            "value": -1.1874999767169356,
            "min": -1.2291666688397527,
            "max": -1.1874999767169356,
            "count": 2
        },
        "MoveToTables.Environment.CumulativeReward.sum": {
            "value": -28.499999441206455,
            "min": -29.500000052154064,
            "max": -28.499999441206455,
            "count": 2
        },
        "MoveToTables.Policy.ExtrinsicReward.mean": {
            "value": -1.1874999767169356,
            "min": -1.2291666688397527,
            "max": -1.1874999767169356,
            "count": 2
        },
        "MoveToTables.Policy.ExtrinsicReward.sum": {
            "value": -28.499999441206455,
            "min": -29.500000052154064,
            "max": -28.499999441206455,
            "count": 2
        },
        "MoveToTables.Policy.CuriosityReward.mean": {
            "value": 7.170421218965203,
            "min": 7.170421218965203,
            "max": 88.01792247438182,
            "count": 2
        },
        "MoveToTables.Policy.CuriosityReward.sum": {
            "value": 172.09010925516486,
            "min": 172.09010925516486,