{
    "name": "root",
    "metadata": {
        "timer_format_version": "0.1.0",
        "start_time_seconds": "1669636802",
        "python_version": "3.9.13 (main, Aug 25 2022, 23:51:50) [MSC v.1916 64 bit (AMD64)]",
        "command_line_arguments": "C:\\Users\\thoma\\anaconda3\\envs\\py3913\\Scripts\\mlagents-learn --force moveToGoal.yaml",
        "mlagents_version": "0.29.0",
        "mlagents_envs_version": "0.29.0",
        "communication_protocol_version": "1.5.0",
        "pytorch_version": "1.12.1+cu116",
        "numpy_version": "1.21.2",
        "end_time_seconds": "1669636858"
    },
    "total": 55.787201,
    "count": 1,
    "self": 0.006288900000001263,
    "children": {
        "run_training.setup": {
            "total": 0.07942450000000001,
            "count": 1,
            "self": 0.07942450000000001
        },
        "TrainerController.start_learning": {
            "total": 55.7014876,
            "count": 1,
            "self": 0.09075640000013863,
            "children": {
                "TrainerController._reset_env": {
                    "total": 5.728001,
                    "count": 1,
                    "self": 5.407813,
                    "children": {
                        "demo_to_buffer": {
                            "total": 0.3201879999999999,
                            "count": 1,
                            "self": 3.8100000000262924e-05,
                            "children": {
                                "load_demonstration": {
                                    "total": 0.005528599999999884,
                                    "count": 1,
                                    "self": 0.005416499999999935,
                                    "children": {
                                        "read_file": {
                                            "total": 0.00011209999999994835,
                                            "count": 1,
                                            "self": 0.00011209999999994835
                                        }
                                    }
                                },
                                "make_demo_buffer": {
                                    "total": 0.31462129999999977,
                                    "count": 1,
                                    "self": 0.052574899999951796,
                                    "children": {
                                        "steps_from_proto": {
                                            "total": 0.262046400000048,
                                            "count": 2320,
                                            "self": 0.19050320000004106,
                                            "children": {
                                                "_process_rank_one_or_two_observation": {
                                                    "total": 0.07154320000000691,
                                                    "count": 4640,
                                                    "self": 0.07154320000000691
                                                }
                                            }
                                        }
                                    }
                                }
                            }
                        }
                    }
                },
                "TrainerController.advance": {
                    "total": 49.67023129999986,
                    "count": 6632,
                    "self": 0.07602430000013527,
                    "children": {
                        "env_step": {
                            "total": 39.08779759999972,
                            "count": 6632,
                            "self": 25.165431799999684,
                            "children": {
                                "SubprocessEnvManager._take_step": {
                                    "total": 13.865792099999945,
                                    "count": 6632,
                                    "self": 0.2232341999998102,
                                    "children": {
                                        "TorchPolicy.evaluate": {
                                            "total": 13.642557900000135,
                                            "count": 6567,
                                            "self": 6.238388400000214,
                                            "children": {
                                                "TorchPolicy.sample_actions": {
                                                    "total": 7.404169499999921,
                                                    "count": 6567,
                                                    "self": 7.404169499999921
                                                }
                                            }
                                        }
                                    }
                                },
                                "workers": {
                                    "total": 0.05657370000008832,
                                    "count": 6631,
                                    "self": 0.0,
                                    "children": {
                                        "worker_root": {
                                            "total": 45.13196169999982,
                                            "count": 6631,
                                            "is_parallel": true,
                                            "self": 29.597442399999878,
                                            "children": {
                                                "steps_from_proto": {
                                                    "total": 0.00036440000000048656,
                                                    "count": 1,
                                                    "is_parallel": true,
                                                    "self": 0.00018470000000014863,
                                                    "children": {
                                                        "_process_rank_one_or_two_observation": {
                                                            "total": 0.00017970000000033792,
                                                            "count": 2,
                                                            "is_parallel": true,
                                                            "self": 0.00017970000000033792
                                                        }
                                                    }
                                                },
                                                "UnityEnvironment.step": {
                                                    "total": 15.534154899999942,
                                                    "count": 6631,
                                                    "is_parallel": true,
                                                    "self": 0.3252429999999311,
                                                    "children": {
                                                        "UnityEnvironment._generate_step_input": {
                                                            "total": 0.3239864000000212,
                                                            "count": 6631,
                                                            "is_parallel": true,
                                                            "self": 0.3239864000000212
                                                        },
                                                        "communicator.exchange": {
                                                            "total": 13.84028499999997,
                                                            "count": 6631,
                                                            "is_parallel": true,