{
    "name": "root",
    "gauges": {
        "MoveToTables.Policy.Entropy.mean": {
            "value": 0.1657944917678833,
            "min": 0.1657944917678833,
            "max": 1.2117266654968262,
            "count": 19
        },
        "MoveToTables.Policy.Entropy.sum": {
            "value": 1653.9658203125,
            "min": 1653.9658203125,
            "max": 12252.98046875,
            "count": 19
        },
        "MoveToTables.Step.mean": {
            "value": 189946.0,
            "min": 9936.0,
            "max": 189946.0,
            "count": 19
        },
        "MoveToTables.Step.sum": {
            "value": 189946.0,
            "min": 9936.0,
            "max": 189946.0,
            "count": 19
        },
        "MoveToTables.Policy.ExtrinsicValueEstimate.mean": {
            "value": -0.18921202421188354,
            "min": -0.2933872640132904,
            "max": 4.456768989562988,
            "count": 19
        },
        "MoveToTables.Policy.ExtrinsicValueEstimate.sum": {
            "value": -31.97683334350586,
            "min": -48.70228576660156,
            "max": 735.3668823242188,
            "count": 19
        },
        "MoveToTables.Policy.GailValueEstimate.mean": {
            "value": 13.516969680786133,
            "min": 11.449692726135254,
            "max": 40.87273406982422,
            "count": 19
        },
        "MoveToTables.Policy.GailValueEstimate.sum": {
            "value": 2284.367919921875,
            "min": 1934.998046875,
            "max": 6825.74658203125,
            "count": 19
        },
        "MoveToTables.Losses.PolicyLoss.mean": {
            "value": 0.047809564642159755,
            "min": 0.039609214918756935,
            "max": 0.04934298326002641,
            "count": 19
        },
        "MoveToTables.Losses.PolicyLoss.sum": {
            "value": 0.4302860817794378,
            "min": 0.31166537097241315,
            "max": 0.4672731117267782,
            "count": 19
        },
        "MoveToTables.Losses.ValueLoss.mean": {
            "value": 4.656217950913641,
            "min": 1.8419262659218576,
            "max": 53.86170428858863,
            "count": 19
        },
        "MoveToTables.Losses.ValueLoss.sum": {
            "value": 41.90596155822277,
            "min": 16.57733639329672,
            "max": 484.7553385972977,
            "count": 19
        },
        "MoveToTables.Policy.LearningRate.mean": {
            "value": 0.00018894210368597777,
            "min": 0.00018894210368597777,
            "max": 0.0002965851439954286,
            "count": 19
        },
        "MoveToTables.Policy.LearningRate.sum": {
            "value": 0.0017004789331738,
            "min": 0.0017004789331738,
            "max": 0.0027293040902319995,
            "count": 19
        },
        "MoveToTables.Policy.Epsilon.mean": {
            "value": 0.16298068888888886,
            "min": 0.16298068888888886,
            "max": 0.19886171428571428,
            "count": 19
        },
        "MoveToTables.Policy.Epsilon.sum": {
            "value": 1.4668261999999999,
            "min": 1.392032,
            "max": 1.909768,
            "count": 19
        },
        "MoveToTables.Policy.Beta.mean": {
            "value": 0.0003186053755555556,
            "min": 0.0003186053755555556,
            "max": 0.0004944223999999999,
            "count": 19
        },
        "MoveToTables.Policy.Beta.sum": {
            "value": 0.00286744838,
            "min": 0.00286744838,
            "max": 0.004557863200000001,
            "count": 19
        },
        "MoveToTables.Policy.GAILPolicyEstimate.mean": {
            "value": 0.25593140169426243,
            "min": 0.23299303140353278,
            "max": 0.43498364542684864,
            "count": 19
        },
        "MoveToTables.Policy.GAILPolicyEstimate.sum": {
            "value": 2.303382615248362,
            "min": 2.096937282631795,
            "max": 3.580822782715162,
            "count": 19
        },
        "MoveToTables.Policy.GAILExpertEstimate.mean": {
            "value": 0.7663176131469231,
            "min": 0.523628835663909,
            "max": 0.7781320352245261,
            "count": 19
        },
        "MoveToTables.Policy.GAILExpertEstimate.sum": {
            "value": 6.896858518322309,
            "min": 3.6654018496473633,
            "max": 7.660248036185901,
            "count": 19
        },
        "MoveToTables.Losses.GAILLoss.mean": {
            "value": 0.6314414932771965,
            "min": 0.5854624578798259,
            "max": 1.407212843781426,
            "count": 19
        },
        "MoveToTables.Losses.GAILLoss.sum": {
            "value": 5.682973439494768,
            "min": 5.269162120918433,
            "max": 10.904433921972911,
            "count": 19
        },
        "MoveToTables.Policy.GAILGradMagLoss.mean": {
            "value": 0.16319276702900729,
            "min": 0.15193581134080886,
            "max": 6.810219138766092,
            "count": 19
        },
        "MoveToTables.Policy.GAILGradMagLoss.sum": {
            "value": 1.4687349032610655,
            "min": 1.4687349032610655,
            "max": 47.67153397136264,
            "count": 19
        },
        "MoveToTables.Losses.PretrainingLoss.mean": {
            "value": 0.5859584554477973,
            "min": 0.5857442438602447,
            "max": 1.152496860140846,
            "count": 19
        },
        "MoveToTables.Losses.PretrainingLoss.sum": {
            "value": 5.273626099030176,
            "min": 5.273626099030176,
            "max": 8.067478020985922,
            "count": 19
        },
        "MoveToTables.Environment.EpisodeLength.mean": {
            "value": 423.7083333333333,
            "min": 423.7083333333333,
            "max": 599.0,
            "count": 19
        },
        "MoveToTables.Environment.EpisodeLength.sum": {
            "value": 10169.0,
            "min": 9152.0,
            "max": 11437.0,
            "count": 19
        },
        "MoveToTables.Environment.CumulativeReward.mean": {
            "value": -0.3736528356870015,
            "min": -0.999416755978018,
            "max": -0.3736528356870015,
            "count": 19
        },
        "MoveToTables.Environment.CumulativeReward.sum": {
            "value": -8.967668056488037,
            "min": -18.08500175178051,
            "max": -8.967668056488037,
            "count": 19
        },
        "MoveToTables.Policy.ExtrinsicReward.mean": {
            "value": -0.3736528356870015,
            "min": -0.999416755978018,
            "max": -0.3736528356870015,
            "count": 19
        },
        "MoveToTables.Policy.ExtrinsicReward.sum": {
            "value": -8.967668056488037,
            "min": -18.08500175178051,
            "max": -8.967668056488037,
            "count": 19
        },
        "MoveToTables.Policy.GailReward.mean": {
            "value": 85.81482215225697,
            "min": 84.51237217946486,
            "max": 206.9111525118351,
            "count": 19
        },
        "MoveToTables.Policy.GailReward.sum": {
            "value": 2059.555731654167,
            "min": 1559.0357784032822,
            "max": 3310.5784401893616,
            "count": 19
        },
        "MoveToTables.IsTraining.mean": {
            "value": 1.0,
            "min": 1.0,
            "max": 1.0,
            "count": 19
        },
        "MoveToTables.IsTraining.sum": {
            "value": 1.0,
            "min": 1.0,
            "max": 1.0,
            "count": 19
        }
    },
    "metadata": {
        "timer_format_version": "0.1.0",
        "start_time_seconds": "1670062633",
        "python_version": "3.9.13 (main, Aug 25 2022, 23:51:50) [MSC v.1916 64 bit (AMD64)]",
        "command_line_arguments": "C:\\Users\\tobia\\miniconda3\\Scripts\\mlagents-learn TestConfig.yaml --force",
        "mlagents_version": "0.30.0",
        "mlagents_envs_version": "0.30.0",