{
    "name": "root",
    "gauges": {
        "MoveToTables.Policy.Entropy.mean": {
            "value": 1.3662642240524292,
            "min": 1.3087915182113647,
            "max": 1.6093394756317139,
            "count": 135
        },
        "MoveToTables.Policy.Entropy.sum": {
            "value": 21860.228515625,
            "min": 20940.6640625,
            "max": 25749.431640625,
            "count": 135
        },
        "MoveToTables.Environment.EpisodeLength.mean": {
            "value": 999.0,
            "min": 999.0,
            "max": 999.0,
            "count": 135
        },
        "MoveToTables.Environment.EpisodeLength.sum": {
            "value": 15984.0,
            "min": 15984.0,
            "max": 15984.0,
            "count": 135
        },
        "MoveToTables.Step.mean": {
            "value": 2159000.0,
            "min": 9000.0,
            "max": 2159000.0,
            "count": 216
        },
        "MoveToTables.Step.sum": {
            "value": 2159000.0,
            "min": 9000.0,
            "max": 2159000.0,
            "count": 216
        },
        "MoveToTables.Policy.ExtrinsicBaselineEstimate.mean": {
            "value": 0.02081664651632309,
            "min": -0.023911863565444946,
            "max": 0.06587707996368408,
            "count": 216
        },
        "MoveToTables.Policy.ExtrinsicBaselineEstimate.sum": {
            "value": 0.2081664651632309,
            "min": -0.23911863565444946,
            "max": 0.6587707996368408,
            "count": 216
        },
        "MoveToTables.Policy.ExtrinsicValueEstimate.mean": {
            "value": 0.02324151247739792,
            "min": -0.03612632676959038,
            "max": 0.07094842940568924,
            "count": 216
        },
        "MoveToTables.Policy.ExtrinsicValueEstimate.sum": {
            "value": 0.2324151247739792,
            "min": -0.3612632751464844,
            "max": 0.7094842791557312,
            "count": 216
        },
        "MoveToTables.Environment.CumulativeReward.mean": {
            "value": 0.0,
            "min": 0.0,
            "max": 0.0,
            "count": 216
        },
        "MoveToTables.Environment.CumulativeReward.sum": {
            "value": 0.0,
            "min": 0.0,
            "max": 0.0,
            "count": 216
        },
        "MoveToTables.Policy.ExtrinsicReward.mean": {
            "value": -0.49980005621910095,
            "min": -0.9997996091842651,
            "max": 0.9002002000808715,
            "count": 216
        },
        "MoveToTables.Policy.ExtrinsicReward.sum": {
            "value": -4.9980005621910095,
            "min": -9.997996091842651,
            "max": 9.002002000808716,
            "count": 216
        },
        "MoveToTables.Environment.GroupCumulativeReward.mean": {
            "value": -0.49980005621910095,
            "min": -0.9997996091842651,
            "max": 0.9002002000808715,
            "count": 216
        },
        "MoveToTables.Environment.GroupCumulativeReward.sum": {
            "value": -4.9980005621910095,
            "min": -9.997996091842651,
            "max": 9.002002000808716,
            "count": 216
        },
        "MoveToTables.IsTraining.mean": {
            "value": 1.0,
            "min": 1.0,
            "max": 1.0,
            "count": 216
        },
        "MoveToTables.IsTraining.sum": {
            "value": 1.0,
            "min": 1.0,
            "max": 1.0,
            "count": 216
        },
        "MoveToTables.Losses.PolicyLoss.mean": {
            "value": 0.018502598602531686,
            "min": 0.012905563595187334,
            "max": 0.02416364841370119,
            "count": 67
        },
        "MoveToTables.Losses.PolicyLoss.sum": {
            "value": 0.018502598602531686,
            "min": 0.012905563595187334,
            "max": 0.02416364841370119,
            "count": 67
        },
        "MoveToTables.Losses.ValueLoss.mean": {
            "value": 0.0022828057097891968,
            "min": 0.000795760314213112,
            "max": 0.011450718198385503,
            "count": 67
        },
        "MoveToTables.Losses.ValueLoss.sum": {
            "value": 0.0022828057097891968,
            "min": 0.000795760314213112,
            "max": 0.011450718198385503,
            "count": 67
        },
        "MoveToTables.Losses.BaselineLoss.mean": {
            "value": 0.002321595406263239,
            "min": 0.0006250007168596818,
            "max": 0.012145822298609547,
            "count": 67
        },
        "MoveToTables.Losses.BaselineLoss.sum": {
            "value": 0.002321595406263239,
            "min": 0.0006250007168596818,
            "max": 0.012145822298609547,
            "count": 67
        },
        "MoveToTables.Policy.LearningRate.mean": {
            "value": 0.0003,
            "min": 0.0003,
            "max": 0.0003,
            "count": 67
        },
        "MoveToTables.Policy.LearningRate.sum": {
            "value": 0.0003,
            "min": 0.0003,
            "max": 0.0003,
            "count": 67
        },
        "MoveToTables.Policy.Epsilon.mean": {
            "value": 0.19999999999999993,
            "min": 0.19999999999999993,
            "max": 0.19999999999999993,
            "count": 67
        },
        "MoveToTables.Policy.Epsilon.sum": {
            "value": 0.19999999999999993,
            "min": 0.19999999999999993,
            "max": 0.19999999999999993,
            "count": 67
        },
        "MoveToTables.Policy.Beta.mean": {
            "value": 0.005000000000000001,
            "min": 0.005000000000000001,
            "max": 0.005000000000000001,
            "count": 67
        },
        "MoveToTables.Policy.Beta.sum": {
            "value": 0.005000000000000001,
            "min": 0.005000000000000001,
            "max": 0.005000000000000001,
            "count": 67
        }
    },
    "metadata": {
        "timer_format_version": "0.1.0",
        "start_time_seconds": "1670617442",
        "python_version": "3.9.13 (main, Aug 25 2022, 23:51:50) [MSC v.1916 64 bit (AMD64)]",
        "command_line_arguments": "C:\\Users\\tobia\\miniconda3\\Scripts\\mlagents-learn --force --run-id=test5 configMulti.yaml",
        "mlagents_version": "0.30.0",
        "mlagents_envs_version": "0.30.0",
        "communication_protocol_version": "1.5.0",
        "pytorch_version": "1.12.1+cu116",
        "numpy_version": "1.21.2",
        "end_time_seconds": "1670620779"
    },
    "total": 3337.6911972000003,
    "count": 1,
    "self": 0.00744650000024194,
    "children": {
        "run_training.setup": {
            "total": 0.14791869999999996,
            "count": 1,
            "self": 0.14791869999999996
        },
        "TrainerController.start_learning": {
            "total": 3337.535832,
            "count": 1,
            "self": 2.8839824000510816,
            "children": {
                "TrainerController._reset_env": {
                    "total": 9.611507600000001,
                    "count": 1,
                    "self": 9.611507600000001
                },
                "TrainerController.advance": {
                    "total": 3324.862212699949,
                    "count": 135996,
                    "self": 3.0153205000647176,
                    "children": {
                        "env_step": {
                            "total": 2412.428312599935,
                            "count": 135996,
                            "self": 1956.4642497998955,
                            "children": {
                                "SubprocessEnvManager._take_step": {
                                    "total": 454.10721140008303,
                                    "count": 135996,
                                    "self": 9.930425600133617,
                                    "children": {
                                        "TorchPolicy.evaluate": {
                                            "total": 444.1767857999494,