{
    "name": "root",
    "metadata": {
        "timer_format_version": "0.1.0",
        "start_time_seconds": "1670616807",
        "python_version": "3.9.13 (main, Aug 25 2022, 23:51:50) [MSC v.1916 64 bit (AMD64)]",
        "command_line_arguments": "C:\\Users\\tobia\\miniconda3\\Scripts\\mlagents-learn --force --run-id=test3 configMulti.yaml",
        "mlagents_version": "0.30.0",
        "mlagents_envs_version": "0.30.0",
        "communication_protocol_version": "1.5.0",
        "pytorch_version": "1.12.1+cu116",
        "numpy_version": "1.21.2",
        "end_time_seconds": "1670616839"
    },
    "total": 31.902627499999998,
    "count": 1,
    "self": 0.022472599999996845,
    "children": {
        "run_training.setup": {
            "total": 0.23074639999999969,
            "count": 1,
            "self": 0.23074639999999969
        },
        "TrainerController.start_learning": {
            "total": 31.6494085,
            "count": 1,
            "self": 0.00010259999999817637,
            "children": {
                "TrainerController._reset_env": {
                    "total": 31.645215999999998,
                    "count": 1,
                    "self": 26.359557799999994,
                    "children": {
                        "demo_to_buffer": {
                            "total": 5.285658200000004,
                            "count": 1,
                            "self": 7.930000000655468e-05,
                            "children": {
                                "load_demonstration": {
                                    "total": 0.10003229999999874,
                                    "count": 1,
                                    "self": 0.0959300999999968,
                                    "children": {
                                        "read_file": {
                                            "total": 0.004102200000001943,
                                            "count": 1,
                                            "self": 0.004102200000001943
                                        }
                                    }
                                },
                                "make_demo_buffer": {
                                    "total": 5.185546599999999,
                                    "count": 1,
                                    "self": 0.6745587999999714,
                                    "children": {
                                        "steps_from_proto": {
                                            "total": 4.510987800000027,
                                            "count": 13814,
                                            "self": 2.094565900001207,
                                            "children": {
                                                "_process_rank_one_or_two_observation": {
                                                    "total": 2.41642189999882,
                                                    "count": 82884,
                                                    "self": 2.41642189999882
                                                }
                                            }
                                        }
                                    }
                                }
                            }
                        }
                    }
                },
                "TrainerController._save_models": {
                    "total": 0.0040899000000038654,
                    "count": 1,
                    "self": 0.0002956000000011727,
                    "children": {
                        "RLTrainer._checkpoint": {
                            "total": 0.0037943000000026927,
                            "count": 1,
                            "self": 0.0037943000000026927
                        }
                    }
                }
            }
        }
    }
}